{"type": "FeatureCollection", "name": "Taiz_HighRes_Buildings_Vulnerability", "features": [{"type": "Feature", "properties": {"building_id": 102452188, "risk_level": "\u0645\u0647\u062f\u062f \u0628\u0627\u0644\u063a\u0645\u0631 (High Risk)", "risk_color": "#FF9100", "distance_to_stream_m": 26.0, "closest_stream_order": 1, "est_flood_depth_m": 0.5, "building_name": "\u062c\u0627\u0645\u0639 \u0647\u0627\u0626\u0644 \u0633\u0639\u064a\u062f - \u0639\u0635\u064a\u0641\u0631\u0629"}, "geometry": {"type": "Polygon", "coordinates": [[[44.01402, 13.58995], [44.01423, 13.58955], [44.01371, 13.58929], [44.0135, 13.58969], [44.01402, 13.58995]]]}}, {"type": "Feature", "properties": {"building_id": 277208200, "risk_level": "\u062a\u0623\u062b\u0631 \u0645\u062a\u0648\u0633\u0637 (Moderate Risk)", "risk_color": "#FFEA00", "distance_to_stream_m": 32.8, "closest_stream_order": 4, "est_flood_depth_m": 0.2, "building_name": "\u0645\u062f\u0631\u0633\u0629 \u0627\u0644\u0635\u062f\u064a\u0642 \u0627\u0644\u0623\u0633\u0627\u0633\u064a\u0629 \u0648\u0627\u0644\u062b\u0627\u0646\u0648\u064a\u0629"}, "geometry": {"type": "Polygon", "coordinates": [[[44.01761, 13.58819], [44.01724, 13.58799], [44.0171, 13.58791], [44.01753, 13.58743], [44.01794, 13.58762], [44.01782, 13.58784], [44.01761, 13.58819]]]}}, {"type": "Feature", "properties": {"building_id": 321446101, "risk_level": "\u0645\u0646\u0637\u0642\u0629 \u0622\u0645\u0646\u0629 (Safe High Ground)", "risk_color": "#00E676", "distance_to_stream_m": 86.5, "closest_stream_order": 1, "est_flood_depth_m": 0.0, "building_name": "Therar Hezam"}, "geometry": {"type": "Polygon", "coordinates": [[[44.01876, 13.58966], [44.01872, 13.58977], [44.01868, 13.58977], [44.01869, 13.58957], [44.01874, 13.58958], [44.01874, 13.58962], [44.01877, 13.58964], [44.01876, 13.58966]]]}}, {"type": "Feature", "properties": {"building_id": 321446507, "risk_level": "\u0645\u0647\u062f\u062f \u0628\u0627\u0644\u063a\u0645\u0631 (High Risk)", "risk_color": "#FF9100", "distance_to_stream_m": 25.7, "closest_stream_order": 2, "est_flood_depth_m": 0.5, "building_name": "Aljomhorya newspaper"}, "geometry": {"type": "Polygon", "coordinates": [[[44.02654, 13.57296], [44.02631, 13.57374], [44.02629, 13.5738], [44.02593, 13.57364], [44.02621, 13.57285], [44.02654, 13.57296]]]}}, {"type": "Feature", "properties": {"building_id": 436579605, "risk_level": "\u0645\u0647\u062f\u062f \u0628\u0627\u0644\u063a\u0645\u0631 (High Risk)", "risk_color": "#FF9100", "distance_to_stream_m": 15.6, "closest_stream_order": 1, "est_flood_depth_m": 0.5, "building_name": "\u0645\u0628\u0646\u0649 \u0633\u0643\u0646\u064a"}, "geometry": {"type": "Polygon", "coordinates": [[[44.01522, 13.58221], [44.01526, 13.58223], [44.01533, 13.58239], [44.01507, 13.58243], [44.01498, 13.58223], [44.01522, 13.58221]]]}}, {"type": "Feature", "properties": {"building_id": 436579606, "risk_level": "\u062a\u0623\u062b\u0631 \u0645\u062a\u0648\u0633\u0637 (Moderate Risk)", "risk_color": "#FFEA00", "distance_to_stream_m": 32.2, "closest_stream_order": 2, "est_flood_depth_m": 0.2, "building_name": "\u0645\u0628\u0646\u0649 \u0633\u0643\u0646\u064a"}, "geometry": {"type": "Polygon", "coordinates": [[[44.01498, 13.58223], [44.0148, 13.58225], [44.01488, 13.58246], [44.01507, 13.58243], [44.01498, 13.58223]]]}}, {"type": "Feature", "properties": {"building_id": 436579608, "risk_level": "\u0645\u0647\u062f\u062f \u0628\u0627\u0644\u063a\u0645\u0631 (High Risk)", "risk_color": "#FF9100", "distance_to_stream_m": 8.1, "closest_stream_order": 2, "est_flood_depth_m": 0.5, "building_name": "\u0645\u0628\u0646\u0649 \u0633\u0643\u0646\u064a"}, "geometry": {"type": "Polygon", "coordinates": [[[44.01493, 13.58175], [44.01499, 13.58176], [44.01502, 13.58183], [44.01493, 13.58186], [44.01476, 13.58186], [44.01475, 13.58174], [44.01493, 13.58175]]]}}, {"type": "Feature", "properties": {"building_id": 436579609, "risk_level": "\u0645\u0647\u062f\u062f \u0628\u0627\u0644\u063a\u0645\u0631 (High Risk)", "risk_color": "#FF9100", "distance_to_stream_m": 19.3, "closest_stream_order": 2, "est_flood_depth_m": 0.5, "building_name": "\u0645\u0628\u0646\u0649 \u0633\u0643\u0646\u064a"}, "geometry": {"type": "Polygon", "coordinates": [[[44.01487, 13.58187], [44.01487, 13.58209], [44.01507, 13.58208], [44.01512, 13.58204], [44.01512, 13.58199], [44.01502, 13.58184], [44.01487, 13.58187]]]}}, {"type": "Feature", "properties": {"building_id": 436579611, "risk_level": "\u0645\u0646\u0637\u0642\u0629 \u0622\u0645\u0646\u0629 (Safe High Ground)", "risk_color": "#00E676", "distance_to_stream_m": 90.3, "closest_stream_order": 1, "est_flood_depth_m": 0.0, "building_name": "\u0645\u0628\u0646\u0649 \u0633\u0643\u0646\u064a"}, "geometry": {"type": "Polygon", "coordinates": [[[44.01811, 13.58356], [44.0179, 13.58393], [44.01753, 13.58373], [44.01758, 13.58363], [44.01781, 13.58375], [44.01795, 13.58348], [44.01811, 13.58356]]]}}, {"type": "Feature", "properties": {"building_id": 436580943, "risk_level": "\u062a\u0623\u062b\u0631 \u0645\u062a\u0648\u0633\u0637 (Moderate Risk)", "risk_color": "#FFEA00", "distance_to_stream_m": 50.5, "closest_stream_order": 1, "est_flood_depth_m": 0.2, "building_name": "\u0645\u0628\u0646\u0649 \u0633\u0643\u0646\u064a"}, "geometry": {"type": "Polygon", "coordinates": [[[44.02874, 13.58372], [44.02881, 13.58368], [44.02886, 13.58368], [44.02887, 13.58383], [44.02875, 13.58383], [44.02874, 13.58372]]]}}, {"type": "Feature", "properties": {"building_id": 436580944, "risk_level": "\u062a\u0623\u062b\u0631 \u0645\u062a\u0648\u0633\u0637 (Moderate Risk)", "risk_color": "#FFEA00", "distance_to_stream_m": 57.5, "closest_stream_order": 1, "est_flood_depth_m": 0.2, "building_name": "\u0645\u0628\u0646\u0649 \u0633\u0643\u0646\u064a"}, "geometry": {"type": "Polygon", "coordinates": [[[44.02873, 13.58397], [44.02889, 13.58396], [44.02888, 13.58383], [44.02873, 13.58386], [44.02873, 13.58397]]]}}, {"type": "Feature", "properties": {"building_id": 436580945, "risk_level": "\u0645\u0646\u0637\u0642\u0629 \u0622\u0645\u0646\u0629 (Safe High Ground)", "risk_color": "#00E676", "distance_to_stream_m": 65.1, "closest_stream_order": 1, "est_flood_depth_m": 0.0, "building_name": "\u0645\u0628\u0646\u0649 \u0633\u0643\u0646\u064a"}, "geometry": {"type": "Polygon", "coordinates": [[[44.02872, 13.58399], [44.0289, 13.58397], [44.02891, 13.58413], [44.02872, 13.58416], [44.02872, 13.58399]]]}}, {"type": "Feature", "properties": {"building_id": 436580946, "risk_level": "\u0645\u0646\u0637\u0642\u0629 \u0622\u0645\u0646\u0629 (Safe High Ground)", "risk_color": "#00E676", "distance_to_stream_m": 70.1, "closest_stream_order": 1, "est_flood_depth_m": 0.0, "building_name": "\u0645\u0628\u0646\u0649 \u0633\u0643\u0646\u064a"}, "geometry": {"type": "Polygon", "coordinates": [[[44.02873, 13.58417], [44.02872, 13.58422], [44.02892, 13.58421], [44.02891, 13.58415], [44.02873, 13.58417]]]}}, {"type": "Feature", "properties": {"building_id": 436580947, "risk_level": "\u0645\u0646\u0637\u0642\u0629 \u0622\u0645\u0646\u0629 (Safe High Ground)", "risk_color": "#00E676", "distance_to_stream_m": 74.5, "closest_stream_order": 1, "est_flood_depth_m": 0.0, "building_name": "\u0645\u0628\u0646\u0649 \u0633\u0643\u0646\u064a"}, "geometry": {"type": "Polygon", "coordinates": [[[44.02871, 13.58431], [44.02892, 13.58429], [44.02892, 13.58422], [44.02872, 13.58424], [44.02871, 13.58431]]]}}, {"type": "Feature", "properties": {"building_id": 436580948, "risk_level": "\u0645\u0646\u0637\u0642\u0629 \u0622\u0645\u0646\u0629 (Safe High Ground)", "risk_color": "#00E676", "distance_to_stream_m": 79.5, "closest_stream_order": 1, "est_flood_depth_m": 0.0, "building_name": "\u0645\u0628\u0646\u0649 \u0633\u0643\u0646\u064a"}, "geometry": {"type": "Polygon", "coordinates": [[[44.02872, 13.58431], [44.02873, 13.58447], [44.02893, 13.58446], [44.02892, 13.5843], [44.02872, 13.58431]]]}}, {"type": "Feature", "properties": {"building_id": 436580949, "risk_level": "\u0645\u0646\u0637\u0642\u0629 \u0622\u0645\u0646\u0629 (Safe High Ground)", "risk_color": "#00E676", "distance_to_stream_m": 84.3, "closest_stream_order": 1, "est_flood_depth_m": 0.0, "building_name": "\u0645\u0628\u0646\u0649 \u0633\u0643\u0646\u064a"}, "geometry": {"type": "Polygon", "coordinates": [[[44.02874, 13.58448], [44.02875, 13.58457], [44.02896, 13.58456], [44.02895, 13.58447], [44.02874, 13.58448]]]}}, {"type": "Feature", "properties": {"building_id": 436580950, "risk_level": "\u0645\u0646\u0637\u0642\u0629 \u0622\u0645\u0646\u0629 (Safe High Ground)", "risk_color": "#00E676", "distance_to_stream_m": 72.5, "closest_stream_order": 1, "est_flood_depth_m": 0.0, "building_name": "\u0645\u0628\u0646\u0649 \u0633\u0643\u0646\u064a"}, "geometry": {"type": "Polygon", "coordinates": [[[44.02883, 13.58458], [44.02884, 13.58467], [44.02897, 13.58465], [44.02896, 13.58457], [44.02883, 13.58458]]]}}, {"type": "Feature", "properties": {"building_id": 436581161, "risk_level": "\u062a\u0623\u062b\u0631 \u0645\u062a\u0648\u0633\u0637 (Moderate Risk)", "risk_color": "#FFEA00", "distance_to_stream_m": 34.3, "closest_stream_order": 1, "est_flood_depth_m": 0.2, "building_name": "\u0645\u0628\u0646\u0649 \u0633\u0643\u0646\u064a"}, "geometry": {"type": "Polygon", "coordinates": [[[44.02921, 13.58405], [44.02927, 13.58421], [44.0291, 13.58425], [44.02907, 13.58409], [44.02921, 13.58405]]]}}, {"type": "Feature", "properties": {"building_id": 436581162, "risk_level": "\u0645\u0647\u062f\u062f \u0628\u0627\u0644\u063a\u0645\u0631 (High Risk)", "risk_color": "#FF9100", "distance_to_stream_m": 27.9, "closest_stream_order": 1, "est_flood_depth_m": 0.5, "building_name": "\u0645\u0628\u0646\u0649 \u0633\u0643\u0646\u064a"}, "geometry": {"type": "Polygon", "coordinates": [[[44.02906, 13.58367], [44.02921, 13.58401], [44.02907, 13.58405], [44.02901, 13.58368], [44.02906, 13.58367]]]}}, {"type": "Feature", "properties": {"building_id": 436581163, "risk_level": "\u062a\u0623\u062b\u0631 \u0645\u062a\u0648\u0633\u0637 (Moderate Risk)", "risk_color": "#FFEA00", "distance_to_stream_m": 40.6, "closest_stream_order": 4, "est_flood_depth_m": 0.2, "building_name": "\u0645\u0628\u0646\u0649 \u0633\u0643\u0646\u064a"}, "geometry": {"type": "Polygon", "coordinates": [[[44.02929, 13.58423], [44.02935, 13.58442], [44.02915, 13.58448], [44.02911, 13.58427], [44.02929, 13.58423]]]}}, {"type": "Feature", "properties": {"building_id": 436581164, "risk_level": "\u0645\u0647\u062f\u062f \u0628\u0627\u0644\u063a\u0645\u0631 (High Risk)", "risk_color": "#FF9100", "distance_to_stream_m": 27.5, "closest_stream_order": 4, "est_flood_depth_m": 0.5, "building_name": "\u0645\u0628\u0646\u0649 \u0633\u0643\u0646\u064a"}, "geometry": {"type": "Polygon", "coordinates": [[[44.02916, 13.58449], [44.02936, 13.58445], [44.02937, 13.58455], [44.02981, 13.58458], [44.02977, 13.5848], [44.02965, 13.58479], [44.0296, 13.58482], [44.02958, 13.58495], [44.02959, 13.58496], [44.02957, 13.58509], [44.02933, 13.58505], [44.02919, 13.58502], [44.02918, 13.58483], [44.02929, 13.58482], [44.02931, 13.58488], [44.02946, 13.58489], [44.02949, 13.58478], [44.0295, 13.58473], [44.02946, 13.58467], [44.02936, 13.58467], [44.02936, 13.58479], [44.02933, 13.58481], [44.02917, 13.58481], [44.02916, 13.58449]]]}}, {"type": "Feature", "properties": {"building_id": 436581524, "risk_level": "\u062a\u0623\u062b\u0631 \u0645\u062a\u0648\u0633\u0637 (Moderate Risk)", "risk_color": "#FFEA00", "distance_to_stream_m": 33.0, "closest_stream_order": 2, "est_flood_depth_m": 0.2, "building_name": "\u0645\u0628\u0646\u0649 \u0633\u0643\u0646\u064a"}, "geometry": {"type": "Polygon", "coordinates": [[[44.03021, 13.58393], [44.03027, 13.58396], [44.03022, 13.58411], [44.03021, 13.58427], [44.03, 13.58426], [44.03005, 13.5841], [44.03021, 13.58393]]]}}, {"type": "Feature", "properties": {"building_id": 545346278, "risk_level": "\u0645\u0646\u0637\u0642\u0629 \u0622\u0645\u0646\u0629 (Safe High Ground)", "risk_color": "#00E676", "distance_to_stream_m": 200.0, "closest_stream_order": 1, "est_flood_depth_m": 0.0, "building_name": "\u0642\u0644\u0639\u0629 \u0627\u0644\u0642\u0627\u0647\u0631\u0629"}, "geometry": {"type": "Polygon", "coordinates": [[[44.01185, 13.56732], [44.01167, 13.56736], [44.0116, 13.56731], [44.01161, 13.56723], [44.01192, 13.56711], [44.01209, 13.56712], [44.0122, 13.56707], [44.01251, 13.56677], [44.01262, 13.56639], [44.01281, 13.56631], [44.01297, 13.56611], [44.01312, 13.56575], [44.01341, 13.5655], [44.01363, 13.56558], [44.01359, 13.56577], [44.01364, 13.56594], [44.01384, 13.56595], [44.01395, 13.56604], [44.01403, 13.56626], [44.01426, 13.56629], [44.0144, 13.56628], [44.01443, 13.56633], [44.0144, 13.56642], [44.01439, 13.56689], [44.0144, 13.56695], [44.01437, 13.567], [44.01431, 13.56702], [44.01397, 13.56735], [44.01356, 13.56754], [44.01323, 13.56763], [44.01273, 13.56762], [44.01265, 13.56762], [44.01259, 13.56757], [44.01252, 13.5676], [44.01248, 13.56768], [44.01231, 13.56763], [44.01218, 13.56768], [44.01202, 13.56774], [44.01182, 13.56769], [44.0118, 13.56759], [44.01181, 13.56741], [44.01185, 13.56732]]]}}, {"type": "Feature", "properties": {"building_id": 545353441, "risk_level": "\u0645\u0646\u0637\u0642\u0629 \u0622\u0645\u0646\u0629 (Safe High Ground)", "risk_color": "#00E676", "distance_to_stream_m": 142.1, "closest_stream_order": 1, "est_flood_depth_m": 0.0, "building_name": "\u0645\u0628\u0646\u0649 \u0633\u0643\u0646\u064a"}, "geometry": {"type": "Polygon", "coordinates": [[[44.01166, 13.56727], [44.01164, 13.56728], [44.01164, 13.56731], [44.01167, 13.56732], [44.01169, 13.56732], [44.01169, 13.5673], [44.01168, 13.56726], [44.01166, 13.56727]]]}}, {"type": "Feature", "properties": {"building_id": 551081922, "risk_level": "\u0645\u0646\u0637\u0642\u0629 \u0622\u0645\u0646\u0629 (Safe High Ground)", "risk_color": "#00E676", "distance_to_stream_m": 137.3, "closest_stream_order": 1, "est_flood_depth_m": 0.0, "building_name": "\u0645\u0628\u0646\u0649 \u0633\u0643\u0646\u064a"}, "geometry": {"type": "Polygon", "coordinates": [[[44.02745, 13.58367], [44.02746, 13.58372], [44.02765, 13.58369], [44.02764, 13.58364], [44.02755, 13.58366], [44.02753, 13.58356], [44.02744, 13.58357], [44.02745, 13.58367]]]}}, {"type": "Feature", "properties": {"building_id": 551081923, "risk_level": "\u0645\u0646\u0637\u0642\u0629 \u0622\u0645\u0646\u0629 (Safe High Ground)", "risk_color": "#00E676", "distance_to_stream_m": 124.0, "closest_stream_order": 1, "est_flood_depth_m": 0.0, "building_name": "\u0645\u0628\u0646\u0649 \u0633\u0643\u0646\u064a"}, "geometry": {"type": "Polygon", "coordinates": [[[44.02694, 13.58392], [44.02682, 13.58401], [44.02694, 13.58415], [44.02705, 13.58406], [44.02694, 13.58392]]]}}, {"type": "Feature", "properties": {"building_id": 551081924, "risk_level": "\u062a\u0623\u062b\u0631 \u0645\u062a\u0648\u0633\u0637 (Moderate Risk)", "risk_color": "#FFEA00", "distance_to_stream_m": 41.9, "closest_stream_order": 2, "est_flood_depth_m": 0.2, "building_name": "\u0645\u0628\u0646\u0649 \u0633\u0643\u0646\u064a"}, "geometry": {"type": "Polygon", "coordinates": [[[44.02674, 13.58311], [44.02695, 13.58307], [44.02693, 13.583], [44.02673, 13.58304], [44.02674, 13.58311]]]}}, {"type": "Feature", "properties": {"building_id": 551081925, "risk_level": "\u062a\u0623\u062b\u0631 \u0645\u062a\u0648\u0633\u0637 (Moderate Risk)", "risk_color": "#FFEA00", "distance_to_stream_m": 51.1, "closest_stream_order": 1, "est_flood_depth_m": 0.2, "building_name": "\u0645\u0628\u0646\u0649 \u0633\u0643\u0646\u064a"}, "geometry": {"type": "Polygon", "coordinates": [[[44.02642, 13.58344], [44.02638, 13.58348], [44.02645, 13.58353], [44.02648, 13.58348], [44.02642, 13.58344]]]}}, {"type": "Feature", "properties": {"building_id": 551366931, "risk_level": "\u0645\u0646\u0637\u0642\u0629 \u0622\u0645\u0646\u0629 (Safe High Ground)", "risk_color": "#00E676", "distance_to_stream_m": 72.5, "closest_stream_order": 1, "est_flood_depth_m": 0.0, "building_name": "\u0645\u0628\u0646\u0649 \u0633\u0643\u0646\u064a"}, "geometry": {"type": "Polygon", "coordinates": [[[44.02792, 13.58326], [44.02795, 13.58331], [44.02805, 13.58325], [44.02802, 13.5832], [44.02792, 13.58326]]]}}, {"type": "Feature", "properties": {"building_id": 551366932, "risk_level": "\u0645\u0646\u0637\u0642\u0629 \u0622\u0645\u0646\u0629 (Safe High Ground)", "risk_color": "#00E676", "distance_to_stream_m": 73.7, "closest_stream_order": 1, "est_flood_depth_m": 0.0, "building_name": "\u0645\u0628\u0646\u0649 \u0633\u0643\u0646\u064a"}, "geometry": {"type": "Polygon", "coordinates": [[[44.02815, 13.58337], [44.02806, 13.58341], [44.02813, 13.58354], [44.02822, 13.58349], [44.02815, 13.58337]]]}}, {"type": "Feature", "properties": {"building_id": 551366933, "risk_level": "\u0645\u0646\u0637\u0642\u0629 \u0622\u0645\u0646\u0629 (Safe High Ground)", "risk_color": "#00E676", "distance_to_stream_m": 137.5, "closest_stream_order": 1, "est_flood_depth_m": 0.0, "building_name": "\u0645\u0628\u0646\u0649 \u0633\u0643\u0646\u064a"}, "geometry": {"type": "Polygon", "coordinates": [[[44.02761, 13.58384], [44.0277, 13.58386], [44.02773, 13.58376], [44.02763, 13.58374], [44.02761, 13.58384]]]}}, {"type": "Feature", "properties": {"building_id": 551366934, "risk_level": "\u0645\u0646\u0637\u0642\u0629 \u0622\u0645\u0646\u0629 (Safe High Ground)", "risk_color": "#00E676", "distance_to_stream_m": 150.4, "closest_stream_order": 1, "est_flood_depth_m": 0.0, "building_name": "\u0645\u0628\u0646\u0649 \u0633\u0643\u0646\u064a"}, "geometry": {"type": "Polygon", "coordinates": [[[44.02741, 13.58392], [44.02753, 13.58397], [44.02757, 13.58388], [44.02745, 13.58383], [44.02741, 13.58392]]]}}, {"type": "Feature", "properties": {"building_id": 551367143, "risk_level": "\u0645\u0646\u0637\u0642\u0629 \u0622\u0645\u0646\u0629 (Safe High Ground)", "risk_color": "#00E676", "distance_to_stream_m": 121.0, "closest_stream_order": 1, "est_flood_depth_m": 0.0, "building_name": "\u0645\u0628\u0646\u0649 \u0633\u0643\u0646\u064a"}, "geometry": {"type": "Polygon", "coordinates": [[[44.02708, 13.58383], [44.02717, 13.58394], [44.02726, 13.58387], [44.02717, 13.58376], [44.02708, 13.58383]]]}}, {"type": "Feature", "properties": {"building_id": 551367145, "risk_level": "\u0645\u0646\u0637\u0642\u0629 \u0622\u0645\u0646\u0629 (Safe High Ground)", "risk_color": "#00E676", "distance_to_stream_m": 84.2, "closest_stream_order": 1, "est_flood_depth_m": 0.0, "building_name": "\u0645\u0628\u0646\u0649 \u0633\u0643\u0646\u064a"}, "geometry": {"type": "Polygon", "coordinates": [[[44.02633, 13.584], [44.02641, 13.58408], [44.02647, 13.58402], [44.02639, 13.58394], [44.02633, 13.584]]]}}, {"type": "Feature", "properties": {"building_id": 551367146, "risk_level": "\u0645\u0646\u0637\u0642\u0629 \u0622\u0645\u0646\u0629 (Safe High Ground)", "risk_color": "#00E676", "distance_to_stream_m": 88.7, "closest_stream_order": 1, "est_flood_depth_m": 0.0, "building_name": "\u0645\u0628\u0646\u0649 \u0633\u0643\u0646\u064a"}, "geometry": {"type": "Polygon", "coordinates": [[[44.02637, 13.5842], [44.02641, 13.58426], [44.02653, 13.58418], [44.02649, 13.58412], [44.02637, 13.5842]]]}}, {"type": "Feature", "properties": {"building_id": 551367148, "risk_level": "\u0645\u0646\u0637\u0642\u0629 \u0622\u0645\u0646\u0629 (Safe High Ground)", "risk_color": "#00E676", "distance_to_stream_m": 73.0, "closest_stream_order": 1, "est_flood_depth_m": 0.0, "building_name": "\u0645\u0628\u0646\u0649 \u0633\u0643\u0646\u064a"}, "geometry": {"type": "Polygon", "coordinates": [[[44.02605, 13.58461], [44.02613, 13.58465], [44.02617, 13.58459], [44.02609, 13.58455], [44.02605, 13.58461]]]}}, {"type": "Feature", "properties": {"building_id": 551367150, "risk_level": "\u062a\u0623\u062b\u0631 \u0645\u062a\u0648\u0633\u0637 (Moderate Risk)", "risk_color": "#FFEA00", "distance_to_stream_m": 59.2, "closest_stream_order": 1, "est_flood_depth_m": 0.2, "building_name": "\u0645\u0628\u0646\u0649 \u0633\u0643\u0646\u064a"}, "geometry": {"type": "Polygon", "coordinates": [[[44.02596, 13.58439], [44.02621, 13.5845], [44.02623, 13.58444], [44.02599, 13.58433], [44.02596, 13.58439]]]}}, {"type": "Feature", "properties": {"building_id": 551367151, "risk_level": "\u062a\u0623\u062b\u0631 \u0645\u062a\u0648\u0633\u0637 (Moderate Risk)", "risk_color": "#FFEA00", "distance_to_stream_m": 53.3, "closest_stream_order": 1, "est_flood_depth_m": 0.2, "building_name": "\u0645\u0628\u0646\u0649 \u0633\u0643\u0646\u064a"}, "geometry": {"type": "Polygon", "coordinates": [[[44.02603, 13.58431], [44.02611, 13.58437], [44.02617, 13.58429], [44.02609, 13.58423], [44.02603, 13.58431]]]}}, {"type": "Feature", "properties": {"building_id": 551367152, "risk_level": "\u0645\u0646\u0637\u0642\u0629 \u0622\u0645\u0646\u0629 (Safe High Ground)", "risk_color": "#00E676", "distance_to_stream_m": 85.7, "closest_stream_order": 1, "est_flood_depth_m": 0.0, "building_name": "\u0645\u0628\u0646\u0649 \u0633\u0643\u0646\u064a"}, "geometry": {"type": "Polygon", "coordinates": [[[44.02674, 13.58379], [44.02682, 13.58372], [44.02677, 13.58368], [44.0267, 13.58375], [44.02674, 13.58379]]]}}, {"type": "Feature", "properties": {"building_id": 551367153, "risk_level": "\u0645\u0646\u0637\u0642\u0629 \u0622\u0645\u0646\u0629 (Safe High Ground)", "risk_color": "#00E676", "distance_to_stream_m": 79.8, "closest_stream_order": 1, "est_flood_depth_m": 0.0, "building_name": "\u0645\u0628\u0646\u0649 \u0633\u0643\u0646\u064a"}, "geometry": {"type": "Polygon", "coordinates": [[[44.02665, 13.58373], [44.02668, 13.58376], [44.02677, 13.58367], [44.02673, 13.58364], [44.02665, 13.58373]]]}}, {"type": "Feature", "properties": {"building_id": 551367154, "risk_level": "\u0645\u0646\u0637\u0642\u0629 \u0622\u0645\u0646\u0629 (Safe High Ground)", "risk_color": "#00E676", "distance_to_stream_m": 92.8, "closest_stream_order": 1, "est_flood_depth_m": 0.0, "building_name": "\u0645\u0628\u0646\u0649 \u0633\u0643\u0646\u064a"}, "geometry": {"type": "Polygon", "coordinates": [[[44.02651, 13.58383], [44.02662, 13.58395], [44.02672, 13.58386], [44.02661, 13.58374], [44.02651, 13.58383]]]}}, {"type": "Feature", "properties": {"building_id": 551367155, "risk_level": "\u0645\u0646\u0637\u0642\u0629 \u0622\u0645\u0646\u0629 (Safe High Ground)", "risk_color": "#00E676", "distance_to_stream_m": 98.1, "closest_stream_order": 1, "est_flood_depth_m": 0.0, "building_name": "\u0645\u0628\u0646\u0649 \u0633\u0643\u0646\u064a"}, "geometry": {"type": "Polygon", "coordinates": [[[44.0264, 13.58393], [44.02656, 13.58409], [44.02664, 13.58401], [44.02648, 13.58385], [44.0264, 13.58393]]]}}, {"type": "Feature", "properties": {"building_id": 641395661, "risk_level": "\u062a\u0623\u062b\u0631 \u0645\u062a\u0648\u0633\u0637 (Moderate Risk)", "risk_color": "#FFEA00", "distance_to_stream_m": 45.6, "closest_stream_order": 1, "est_flood_depth_m": 0.2, "building_name": "\u0645\u0628\u0646\u0649 \u0633\u0643\u0646\u064a"}, "geometry": {"type": "Polygon", "coordinates": [[[44.01158, 13.58924], [44.01157, 13.58935], [44.01172, 13.58937], [44.01174, 13.58926], [44.01158, 13.58924]]]}}, {"type": "Feature", "properties": {"building_id": 641395662, "risk_level": "\u0645\u0646\u0637\u0642\u0629 \u0622\u0645\u0646\u0629 (Safe High Ground)", "risk_color": "#00E676", "distance_to_stream_m": 61.6, "closest_stream_order": 1, "est_flood_depth_m": 0.0, "building_name": "\u0645\u0628\u0646\u0649 \u0633\u0643\u0646\u064a"}, "geometry": {"type": "Polygon", "coordinates": [[[44.01174, 13.58943], [44.01184, 13.58944], [44.01185, 13.5893], [44.01175, 13.58929], [44.01174, 13.58943]]]}}, {"type": "Feature", "properties": {"building_id": 641395663, "risk_level": "\u0645\u0646\u0637\u0642\u0629 \u0622\u0645\u0646\u0629 (Safe High Ground)", "risk_color": "#00E676", "distance_to_stream_m": 72.6, "closest_stream_order": 1, "est_flood_depth_m": 0.0, "building_name": "\u0645\u0628\u0646\u0649 \u0633\u0643\u0646\u064a"}, "geometry": {"type": "Polygon", "coordinates": [[[44.01182, 13.58961], [44.01184, 13.58944], [44.01174, 13.58943], [44.01172, 13.5896], [44.01182, 13.58961]]]}}, {"type": "Feature", "properties": {"building_id": 641395664, "risk_level": "\u0645\u0646\u0637\u0642\u0629 \u0622\u0645\u0646\u0629 (Safe High Ground)", "risk_color": "#00E676", "distance_to_stream_m": 66.0, "closest_stream_order": 1, "est_flood_depth_m": 0.0, "building_name": "\u0645\u0628\u0646\u0649 \u0633\u0643\u0646\u064a"}, "geometry": {"type": "Polygon", "coordinates": [[[44.01157, 13.58958], [44.01171, 13.58959], [44.01172, 13.5895], [44.01158, 13.58949], [44.01157, 13.58958]]]}}, {"type": "Feature", "properties": {"building_id": 641395665, "risk_level": "\u0645\u0646\u0637\u0642\u0629 \u0622\u0645\u0646\u0629 (Safe High Ground)", "risk_color": "#00E676", "distance_to_stream_m": 78.6, "closest_stream_order": 1, "est_flood_depth_m": 0.0, "building_name": "\u0645\u0628\u0646\u0649 \u0633\u0643\u0646\u064a"}, "geometry": {"type": "Polygon", "coordinates": [[[44.01164, 13.58979], [44.01164, 13.58988], [44.01171, 13.58988], [44.0117, 13.58979], [44.01164, 13.58979]]]}}, {"type": "Feature", "properties": {"building_id": 641395666, "risk_level": "\u0645\u0646\u0637\u0642\u0629 \u0622\u0645\u0646\u0629 (Safe High Ground)", "risk_color": "#00E676", "distance_to_stream_m": 68.6, "closest_stream_order": 1, "est_flood_depth_m": 0.0, "building_name": "\u0645\u0628\u0646\u0649 \u0633\u0643\u0646\u064a"}, "geometry": {"type": "Polygon", "coordinates": [[[44.01155, 13.58977], [44.01153, 13.58987], [44.01162, 13.58989], [44.01164, 13.58979], [44.01155, 13.58977]]]}}, {"type": "Feature", "properties": {"building_id": 641395667, "risk_level": "\u0645\u0646\u0637\u0642\u0629 \u0622\u0645\u0646\u0629 (Safe High Ground)", "risk_color": "#00E676", "distance_to_stream_m": 76.3, "closest_stream_order": 1, "est_flood_depth_m": 0.0, "building_name": "\u0645\u0628\u0646\u0649 \u0633\u0643\u0646\u064a"}, "geometry": {"type": "Polygon", "coordinates": [[[44.01154, 13.59006], [44.01166, 13.59006], [44.01166, 13.58999], [44.01154, 13.58999], [44.01154, 13.59006]]]}}, {"type": "Feature", "properties": {"building_id": 641395684, "risk_level": "\u0645\u0647\u062f\u062f \u0628\u0627\u0644\u063a\u0645\u0631 (High Risk)", "risk_color": "#FF9100", "distance_to_stream_m": 28.4, "closest_stream_order": 3, "est_flood_depth_m": 0.5, "building_name": "\u0645\u0628\u0646\u0649 \u0633\u0643\u0646\u064a"}, "geometry": {"type": "Polygon", "coordinates": [[[44.00819, 13.58885], [44.0084, 13.58883], [44.00839, 13.58871], [44.00818, 13.58872], [44.00819, 13.58885]]]}}, {"type": "Feature", "properties": {"building_id": 641395685, "risk_level": "\u062a\u0623\u062b\u0631 \u0645\u062a\u0648\u0633\u0637 (Moderate Risk)", "risk_color": "#FFEA00", "distance_to_stream_m": 37.0, "closest_stream_order": 3, "est_flood_depth_m": 0.2, "building_name": "\u0645\u0628\u0646\u0649 \u0633\u0643\u0646\u064a"}, "geometry": {"type": "Polygon", "coordinates": [[[44.00773, 13.58932], [44.00781, 13.58944], [44.00798, 13.58933], [44.0079, 13.58921], [44.00773, 13.58932]]]}}, {"type": "Feature", "properties": {"building_id": 641395686, "risk_level": "\u062a\u0623\u062b\u0631 \u0645\u062a\u0648\u0633\u0637 (Moderate Risk)", "risk_color": "#FFEA00", "distance_to_stream_m": 43.7, "closest_stream_order": 3, "est_flood_depth_m": 0.2, "building_name": "\u0645\u0628\u0646\u0649 \u0633\u0643\u0646\u064a"}, "geometry": {"type": "Polygon", "coordinates": [[[44.00785, 13.58946], [44.00795, 13.58961], [44.00811, 13.58952], [44.00801, 13.58936], [44.00785, 13.58946]]]}}, {"type": "Feature", "properties": {"building_id": 641395687, "risk_level": "\u062a\u0623\u062b\u0631 \u0645\u062a\u0648\u0633\u0637 (Moderate Risk)", "risk_color": "#FFEA00", "distance_to_stream_m": 46.1, "closest_stream_order": 3, "est_flood_depth_m": 0.2, "building_name": "\u0645\u0628\u0646\u0649 \u0633\u0643\u0646\u064a"}, "geometry": {"type": "Polygon", "coordinates": [[[44.00814, 13.5895], [44.00801, 13.58958], [44.00813, 13.58975], [44.00825, 13.58967], [44.00814, 13.5895]]]}}, {"type": "Feature", "properties": {"building_id": 641395688, "risk_level": "\u062a\u0623\u062b\u0631 \u0645\u062a\u0648\u0633\u0637 (Moderate Risk)", "risk_color": "#FFEA00", "distance_to_stream_m": 41.1, "closest_stream_order": 1, "est_flood_depth_m": 0.2, "building_name": "\u0645\u0628\u0646\u0649 \u0633\u0643\u0646\u064a"}, "geometry": {"type": "Polygon", "coordinates": [[[44.00729, 13.58828], [44.00718, 13.58838], [44.00734, 13.58853], [44.00745, 13.58843], [44.00729, 13.58828]]]}}, {"type": "Feature", "properties": {"building_id": 641395689, "risk_level": "\u062e\u0637\u0631 \u0648\u0634\u064a\u0643 \u0645\u0628\u0627\u0634\u0631 (Imminent Danger)", "risk_color": "#FF1744", "distance_to_stream_m": 7.5, "closest_stream_order": 3, "est_flood_depth_m": 1.2, "building_name": "\u0645\u0628\u0646\u0649 \u0633\u0643\u0646\u064a"}, "geometry": {"type": "Polygon", "coordinates": [[[44.0082, 13.58912], [44.00826, 13.58924], [44.00848, 13.58915], [44.00842, 13.58903], [44.0082, 13.58912]]]}}, {"type": "Feature", "properties": {"building_id": 641395690, "risk_level": "\u062e\u0637\u0631 \u0648\u0634\u064a\u0643 \u0645\u0628\u0627\u0634\u0631 (Imminent Danger)", "risk_color": "#FF1744", "distance_to_stream_m": 14.7, "closest_stream_order": 3, "est_flood_depth_m": 1.2, "building_name": "\u0645\u0628\u0646\u0649 \u0633\u0643\u0646\u064a"}, "geometry": {"type": "Polygon", "coordinates": [[[44.00863, 13.58974], [44.00868, 13.58981], [44.00883, 13.58972], [44.00878, 13.58964], [44.00863, 13.58974]]]}}, {"type": "Feature", "properties": {"building_id": 641395691, "risk_level": "\u062a\u0623\u062b\u0631 \u0645\u062a\u0648\u0633\u0637 (Moderate Risk)", "risk_color": "#FFEA00", "distance_to_stream_m": 39.2, "closest_stream_order": 3, "est_flood_depth_m": 0.2, "building_name": "\u0645\u0628\u0646\u0649 \u0633\u0643\u0646\u064a"}, "geometry": {"type": "Polygon", "coordinates": [[[44.00904, 13.58949], [44.0092, 13.58948], [44.00919, 13.58937], [44.00903, 13.58937], [44.00904, 13.58949]]]}}, {"type": "Feature", "properties": {"building_id": 641395694, "risk_level": "\u062a\u0623\u062b\u0631 \u0645\u062a\u0648\u0633\u0637 (Moderate Risk)", "risk_color": "#FFEA00", "distance_to_stream_m": 49.0, "closest_stream_order": 1, "est_flood_depth_m": 0.2, "building_name": "\u0645\u0628\u0646\u0649 \u0633\u0643\u0646\u064a"}, "geometry": {"type": "Polygon", "coordinates": [[[44.01138, 13.58953], [44.01149, 13.58957], [44.0115, 13.58935], [44.01144, 13.58933], [44.01138, 13.58953]]]}}, {"type": "Feature", "properties": {"building_id": 641395695, "risk_level": "\u062a\u0623\u062b\u0631 \u0645\u062a\u0648\u0633\u0637 (Moderate Risk)", "risk_color": "#FFEA00", "distance_to_stream_m": 47.5, "closest_stream_order": 1, "est_flood_depth_m": 0.2, "building_name": "\u0645\u0628\u0646\u0649 \u0633\u0643\u0646\u064a"}, "geometry": {"type": "Polygon", "coordinates": [[[44.01134, 13.58953], [44.01129, 13.58969], [44.01146, 13.58975], [44.01147, 13.5896], [44.01134, 13.58953]]]}}, {"type": "Feature", "properties": {"building_id": 641395696, "risk_level": "\u062a\u0623\u062b\u0631 \u0645\u062a\u0648\u0633\u0637 (Moderate Risk)", "risk_color": "#FFEA00", "distance_to_stream_m": 38.9, "closest_stream_order": 1, "est_flood_depth_m": 0.2, "building_name": "\u0645\u0628\u0646\u0649 \u0633\u0643\u0646\u064a"}, "geometry": {"type": "Polygon", "coordinates": [[[44.01117, 13.58984], [44.01138, 13.58997], [44.01144, 13.58988], [44.01123, 13.58975], [44.01117, 13.58984]]]}}, {"type": "Feature", "properties": {"building_id": 641395697, "risk_level": "\u062a\u0623\u062b\u0631 \u0645\u062a\u0648\u0633\u0637 (Moderate Risk)", "risk_color": "#FFEA00", "distance_to_stream_m": 39.0, "closest_stream_order": 1, "est_flood_depth_m": 0.2, "building_name": "\u0645\u0628\u0646\u0649 \u0633\u0643\u0646\u064a"}, "geometry": {"type": "Polygon", "coordinates": [[[44.01097, 13.59013], [44.01117, 13.5902], [44.01122, 13.59007], [44.01102, 13.59], [44.01097, 13.59013]]]}}, {"type": "Feature", "properties": {"building_id": 641395701, "risk_level": "\u062e\u0637\u0631 \u0648\u0634\u064a\u0643 \u0645\u0628\u0627\u0634\u0631 (Imminent Danger)", "risk_color": "#FF1744", "distance_to_stream_m": 11.5, "closest_stream_order": 3, "est_flood_depth_m": 1.2, "building_name": "\u0645\u0628\u0646\u0649 \u0633\u0643\u0646\u064a"}, "geometry": {"type": "Polygon", "coordinates": [[[44.00863, 13.58972], [44.00878, 13.58961], [44.00865, 13.58945], [44.00851, 13.58955], [44.00863, 13.58972]]]}}, {"type": "Feature", "properties": {"building_id": 641395702, "risk_level": "\u0645\u0647\u062f\u062f \u0628\u0627\u0644\u063a\u0645\u0631 (High Risk)", "risk_color": "#FF9100", "distance_to_stream_m": 22.3, "closest_stream_order": 3, "est_flood_depth_m": 0.5, "building_name": "\u0645\u0628\u0646\u0649 \u0633\u0643\u0646\u064a"}, "geometry": {"type": "Polygon", "coordinates": [[[44.00937, 13.58993], [44.00925, 13.59012], [44.00942, 13.59022], [44.00954, 13.59003], [44.00937, 13.58993]]]}}, {"type": "Feature", "properties": {"building_id": 641395703, "risk_level": "\u062e\u0637\u0631 \u0648\u0634\u064a\u0643 \u0645\u0628\u0627\u0634\u0631 (Imminent Danger)", "risk_color": "#FF1744", "distance_to_stream_m": 9.4, "closest_stream_order": 3, "est_flood_depth_m": 1.2, "building_name": "\u0645\u0628\u0646\u0649 \u0633\u0643\u0646\u064a"}, "geometry": {"type": "Polygon", "coordinates": [[[44.00921, 13.58985], [44.0091, 13.58998], [44.0092, 13.59006], [44.0093, 13.58994], [44.00921, 13.58985]]]}}, {"type": "Feature", "properties": {"building_id": 641395704, "risk_level": "\u0645\u0647\u062f\u062f \u0628\u0627\u0644\u063a\u0645\u0631 (High Risk)", "risk_color": "#FF9100", "distance_to_stream_m": 21.7, "closest_stream_order": 3, "est_flood_depth_m": 0.5, "building_name": "\u0645\u0628\u0646\u0649 \u0633\u0643\u0646\u064a"}, "geometry": {"type": "Polygon", "coordinates": [[[44.00888, 13.59011], [44.00901, 13.59003], [44.00878, 13.58979], [44.00869, 13.58985], [44.00888, 13.59011]]]}}, {"type": "Feature", "properties": {"building_id": 641395708, "risk_level": "\u062a\u0623\u062b\u0631 \u0645\u062a\u0648\u0633\u0637 (Moderate Risk)", "risk_color": "#FFEA00", "distance_to_stream_m": 54.4, "closest_stream_order": 1, "est_flood_depth_m": 0.2, "building_name": "\u0645\u0628\u0646\u0649 \u0633\u0643\u0646\u064a"}, "geometry": {"type": "Polygon", "coordinates": [[[44.01051, 13.58819], [44.0107, 13.58801], [44.01063, 13.58794], [44.01044, 13.58811], [44.01051, 13.58819]]]}}, {"type": "Feature", "properties": {"building_id": 641395709, "risk_level": "\u062a\u0623\u062b\u0631 \u0645\u062a\u0648\u0633\u0637 (Moderate Risk)", "risk_color": "#FFEA00", "distance_to_stream_m": 30.0, "closest_stream_order": 1, "est_flood_depth_m": 0.2, "building_name": "\u0645\u0628\u0646\u0649 \u0633\u0643\u0646\u064a"}, "geometry": {"type": "Polygon", "coordinates": [[[44.0108, 13.58845], [44.01098, 13.58836], [44.0109, 13.5882], [44.01071, 13.58829], [44.0108, 13.58845]]]}}, {"type": "Feature", "properties": {"building_id": 641395710, "risk_level": "\u0645\u0647\u062f\u062f \u0628\u0627\u0644\u063a\u0645\u0631 (High Risk)", "risk_color": "#FF9100", "distance_to_stream_m": 18.8, "closest_stream_order": 1, "est_flood_depth_m": 0.5, "building_name": "\u0645\u0628\u0646\u0649 \u0633\u0643\u0646\u064a"}, "geometry": {"type": "Polygon", "coordinates": [[[44.01086, 13.58856], [44.01086, 13.58869], [44.01115, 13.5887], [44.01115, 13.58856], [44.01086, 13.58856]]]}}, {"type": "Feature", "properties": {"building_id": 641395711, "risk_level": "\u062a\u0623\u062b\u0631 \u0645\u062a\u0648\u0633\u0637 (Moderate Risk)", "risk_color": "#FFEA00", "distance_to_stream_m": 47.8, "closest_stream_order": 1, "est_flood_depth_m": 0.2, "building_name": "\u0645\u0628\u0646\u0649 \u0633\u0643\u0646\u064a"}, "geometry": {"type": "Polygon", "coordinates": [[[44.01048, 13.58894], [44.01047, 13.58908], [44.01061, 13.58909], [44.01062, 13.58894], [44.01048, 13.58894]]]}}, {"type": "Feature", "properties": {"building_id": 641395712, "risk_level": "\u062a\u0623\u062b\u0631 \u0645\u062a\u0648\u0633\u0637 (Moderate Risk)", "risk_color": "#FFEA00", "distance_to_stream_m": 34.0, "closest_stream_order": 1, "est_flood_depth_m": 0.2, "building_name": "\u0645\u0628\u0646\u0649 \u0633\u0643\u0646\u064a"}, "geometry": {"type": "Polygon", "coordinates": [[[44.01076, 13.5891], [44.01077, 13.58895], [44.01062, 13.58894], [44.01061, 13.58909], [44.01076, 13.5891]]]}}, {"type": "Feature", "properties": {"building_id": 641395713, "risk_level": "\u0645\u0646\u0637\u0642\u0629 \u0622\u0645\u0646\u0629 (Safe High Ground)", "risk_color": "#00E676", "distance_to_stream_m": 82.6, "closest_stream_order": 2, "est_flood_depth_m": 0.0, "building_name": "\u0645\u0628\u0646\u0649 \u0633\u0643\u0646\u064a"}, "geometry": {"type": "Polygon", "coordinates": [[[44.00986, 13.5895], [44.00999, 13.58948], [44.00997, 13.58938], [44.00984, 13.58939], [44.00986, 13.5895]]]}}, {"type": "Feature", "properties": {"building_id": 641395714, "risk_level": "\u0645\u0646\u0637\u0642\u0629 \u0622\u0645\u0646\u0629 (Safe High Ground)", "risk_color": "#00E676", "distance_to_stream_m": 75.1, "closest_stream_order": 3, "est_flood_depth_m": 0.0, "building_name": "\u0645\u0628\u0646\u0649 \u0633\u0643\u0646\u064a"}, "geometry": {"type": "Polygon", "coordinates": [[[44.00969, 13.58958], [44.00967, 13.58969], [44.00977, 13.58971], [44.00979, 13.58959], [44.00969, 13.58958]]]}}, {"type": "Feature", "properties": {"building_id": 641395715, "risk_level": "\u062a\u0623\u062b\u0631 \u0645\u062a\u0648\u0633\u0637 (Moderate Risk)", "risk_color": "#FFEA00", "distance_to_stream_m": 59.1, "closest_stream_order": 2, "est_flood_depth_m": 0.2, "building_name": "\u0645\u0628\u0646\u0649 \u0633\u0643\u0646\u064a"}, "geometry": {"type": "Polygon", "coordinates": [[[44.0099, 13.58989], [44.01002, 13.58987], [44.00997, 13.58969], [44.00986, 13.58972], [44.0099, 13.58989]]]}}, {"type": "Feature", "properties": {"building_id": 641395716, "risk_level": "\u0645\u0646\u0637\u0642\u0629 \u0622\u0645\u0646\u0629 (Safe High Ground)", "risk_color": "#00E676", "distance_to_stream_m": 67.8, "closest_stream_order": 3, "est_flood_depth_m": 0.0, "building_name": "\u0645\u0628\u0646\u0649 \u0633\u0643\u0646\u064a"}, "geometry": {"type": "Polygon", "coordinates": [[[44.00969, 13.58997], [44.00985, 13.58995], [44.00983, 13.58974], [44.00967, 13.58976], [44.00969, 13.58997]]]}}, {"type": "Feature", "properties": {"building_id": 641395717, "risk_level": "\u062a\u0623\u062b\u0631 \u0645\u062a\u0648\u0633\u0637 (Moderate Risk)", "risk_color": "#FFEA00", "distance_to_stream_m": 41.7, "closest_stream_order": 2, "est_flood_depth_m": 0.2, "building_name": "\u0645\u0628\u0646\u0649 \u0633\u0643\u0646\u064a"}, "geometry": {"type": "Polygon", "coordinates": [[[44.00989, 13.58993], [44.00992, 13.59007], [44.01004, 13.59004], [44.01001, 13.58991], [44.00989, 13.58993]]]}}, {"type": "Feature", "properties": {"building_id": 641395718, "risk_level": "\u062a\u0623\u062b\u0631 \u0645\u062a\u0648\u0633\u0637 (Moderate Risk)", "risk_color": "#FFEA00", "distance_to_stream_m": 33.4, "closest_stream_order": 2, "est_flood_depth_m": 0.2, "building_name": "\u0645\u0628\u0646\u0649 \u0633\u0643\u0646\u064a"}, "geometry": {"type": "Polygon", "coordinates": [[[44.01008, 13.59001], [44.01018, 13.58999], [44.01015, 13.58987], [44.01005, 13.58989], [44.01008, 13.59001]]]}}, {"type": "Feature", "properties": {"building_id": 641395719, "risk_level": "\u0645\u0647\u062f\u062f \u0628\u0627\u0644\u063a\u0645\u0631 (High Risk)", "risk_color": "#FF9100", "distance_to_stream_m": 26.7, "closest_stream_order": 2, "est_flood_depth_m": 0.5, "building_name": "\u0645\u0628\u0646\u0649 \u0633\u0643\u0646\u064a"}, "geometry": {"type": "Polygon", "coordinates": [[[44.01016, 13.58984], [44.0102, 13.58993], [44.01034, 13.58987], [44.0103, 13.58978], [44.01016, 13.58984]]]}}, {"type": "Feature", "properties": {"building_id": 641395720, "risk_level": "\u062a\u0623\u062b\u0631 \u0645\u062a\u0648\u0633\u0637 (Moderate Risk)", "risk_color": "#FFEA00", "distance_to_stream_m": 49.7, "closest_stream_order": 2, "est_flood_depth_m": 0.2, "building_name": "\u0645\u0628\u0646\u0649 \u0633\u0643\u0646\u064a"}, "geometry": {"type": "Polygon", "coordinates": [[[44.01009, 13.58964], [44.01024, 13.58965], [44.01025, 13.58955], [44.01009, 13.58954], [44.01009, 13.58964]]]}}, {"type": "Feature", "properties": {"building_id": 641395721, "risk_level": "\u0645\u0647\u062f\u062f \u0628\u0627\u0644\u063a\u0645\u0631 (High Risk)", "risk_color": "#FF9100", "distance_to_stream_m": 24.2, "closest_stream_order": 2, "est_flood_depth_m": 0.5, "building_name": "\u0645\u0628\u0646\u0649 \u0633\u0643\u0646\u064a"}, "geometry": {"type": "Polygon", "coordinates": [[[44.0103, 13.58963], [44.01027, 13.58972], [44.01045, 13.58977], [44.01048, 13.58968], [44.0103, 13.58963]]]}}, {"type": "Feature", "properties": {"building_id": 641395722, "risk_level": "\u0645\u0647\u062f\u062f \u0628\u0627\u0644\u063a\u0645\u0631 (High Risk)", "risk_color": "#FF9100", "distance_to_stream_m": 24.5, "closest_stream_order": 2, "est_flood_depth_m": 0.5, "building_name": "\u0645\u0628\u0646\u0649 \u0633\u0643\u0646\u064a"}, "geometry": {"type": "Polygon", "coordinates": [[[44.01069, 13.58955], [44.0107, 13.58941], [44.01055, 13.5894], [44.01054, 13.58955], [44.01069, 13.58955]]]}}, {"type": "Feature", "properties": {"building_id": 641395723, "risk_level": "\u0645\u0647\u062f\u062f \u0628\u0627\u0644\u063a\u0645\u0631 (High Risk)", "risk_color": "#FF9100", "distance_to_stream_m": 14.1, "closest_stream_order": 2, "est_flood_depth_m": 0.5, "building_name": "\u0645\u0628\u0646\u0649 \u0633\u0643\u0646\u064a"}, "geometry": {"type": "Polygon", "coordinates": [[[44.01066, 13.58969], [44.01051, 13.58997], [44.01067, 13.59005], [44.01077, 13.58985], [44.01089, 13.58992], [44.01094, 13.58985], [44.01066, 13.58969]]]}}, {"type": "Feature", "properties": {"building_id": 641395724, "risk_level": "\u0645\u0647\u062f\u062f \u0628\u0627\u0644\u063a\u0645\u0631 (High Risk)", "risk_color": "#FF9100", "distance_to_stream_m": 19.6, "closest_stream_order": 1, "est_flood_depth_m": 0.5, "building_name": "\u0645\u0628\u0646\u0649 \u0633\u0643\u0646\u064a"}, "geometry": {"type": "Polygon", "coordinates": [[[44.01096, 13.5892], [44.0109, 13.58941], [44.01098, 13.58945], [44.01105, 13.58931], [44.01114, 13.58933], [44.01105, 13.58958], [44.01116, 13.58962], [44.01128, 13.58932], [44.01096, 13.5892]]]}}, {"type": "Feature", "properties": {"building_id": 644170347, "risk_level": "\u062e\u0637\u0631 \u0648\u0634\u064a\u0643 \u0645\u0628\u0627\u0634\u0631 (Imminent Danger)", "risk_color": "#FF1744", "distance_to_stream_m": 13.2, "closest_stream_order": 3, "est_flood_depth_m": 1.2, "building_name": "\u0645\u0628\u0646\u0649 \u0633\u0643\u0646\u064a"}, "geometry": {"type": "Polygon", "coordinates": [[[44.00879, 13.58943], [44.00884, 13.58947], [44.00887, 13.58942], [44.00882, 13.58938], [44.00879, 13.58943]]]}}, {"type": "Feature", "properties": {"building_id": 644170350, "risk_level": "\u062e\u0637\u0631 \u0648\u0634\u064a\u0643 \u0645\u0628\u0627\u0634\u0631 (Imminent Danger)", "risk_color": "#FF1744", "distance_to_stream_m": 11.9, "closest_stream_order": 3, "est_flood_depth_m": 1.2, "building_name": "\u0645\u0628\u0646\u0649 \u0633\u0643\u0646\u064a"}, "geometry": {"type": "Polygon", "coordinates": [[[44.00867, 13.58932], [44.00873, 13.58939], [44.00878, 13.58935], [44.00872, 13.58928], [44.00867, 13.58932]]]}}, {"type": "Feature", "properties": {"building_id": 644170353, "risk_level": "\u062e\u0637\u0631 \u0648\u0634\u064a\u0643 \u0645\u0628\u0627\u0634\u0631 (Imminent Danger)", "risk_color": "#FF1744", "distance_to_stream_m": 6.5, "closest_stream_order": 3, "est_flood_depth_m": 1.2, "building_name": "\u0645\u0628\u0646\u0649 \u0633\u0643\u0646\u064a"}, "geometry": {"type": "Polygon", "coordinates": [[[44.00874, 13.58954], [44.00879, 13.58959], [44.00886, 13.58953], [44.00881, 13.58948], [44.00874, 13.58954]]]}}, {"type": "Feature", "properties": {"building_id": 644170355, "risk_level": "\u0645\u0647\u062f\u062f \u0628\u0627\u0644\u063a\u0645\u0631 (High Risk)", "risk_color": "#FF9100", "distance_to_stream_m": 22.9, "closest_stream_order": 3, "est_flood_depth_m": 0.5, "building_name": "\u0645\u0628\u0646\u0649 \u0633\u0643\u0646\u064a"}, "geometry": {"type": "Polygon", "coordinates": [[[44.00883, 13.58935], [44.0089, 13.58939], [44.00892, 13.58935], [44.00885, 13.58931], [44.00883, 13.58935]]]}}, {"type": "Feature", "properties": {"building_id": 644170357, "risk_level": "\u0645\u0647\u062f\u062f \u0628\u0627\u0644\u063a\u0645\u0631 (High Risk)", "risk_color": "#FF9100", "distance_to_stream_m": 17.7, "closest_stream_order": 3, "est_flood_depth_m": 0.5, "building_name": "\u0645\u0628\u0646\u0649 \u0633\u0643\u0646\u064a"}, "geometry": {"type": "Polygon", "coordinates": [[[44.00885, 13.58947], [44.0089, 13.58951], [44.00894, 13.58945], [44.00889, 13.58942], [44.00885, 13.58947]]]}}, {"type": "Feature", "properties": {"building_id": 644170358, "risk_level": "\u0645\u0647\u062f\u062f \u0628\u0627\u0644\u063a\u0645\u0631 (High Risk)", "risk_color": "#FF9100", "distance_to_stream_m": 20.0, "closest_stream_order": 3, "est_flood_depth_m": 0.5, "building_name": "\u0645\u0628\u0646\u0649 \u0633\u0643\u0646\u064a"}, "geometry": {"type": "Polygon", "coordinates": [[[44.00895, 13.58955], [44.009, 13.5896], [44.00904, 13.58955], [44.00898, 13.58951], [44.00895, 13.58955]]]}}, {"type": "Feature", "properties": {"building_id": 644170360, "risk_level": "\u062e\u0637\u0631 \u0648\u0634\u064a\u0643 \u0645\u0628\u0627\u0634\u0631 (Imminent Danger)", "risk_color": "#FF1744", "distance_to_stream_m": 6.3, "closest_stream_order": 3, "est_flood_depth_m": 1.2, "building_name": "\u0645\u0628\u0646\u0649 \u0633\u0643\u0646\u064a"}, "geometry": {"type": "Polygon", "coordinates": [[[44.00889, 13.58972], [44.00899, 13.58976], [44.00903, 13.58967], [44.00893, 13.58963], [44.00889, 13.58972]]]}}, {"type": "Feature", "properties": {"building_id": 644170362, "risk_level": "\u0645\u0646\u0637\u0642\u0629 \u0622\u0645\u0646\u0629 (Safe High Ground)", "risk_color": "#00E676", "distance_to_stream_m": 61.7, "closest_stream_order": 3, "est_flood_depth_m": 0.0, "building_name": "\u0645\u0628\u0646\u0649 \u0633\u0643\u0646\u064a"}, "geometry": {"type": "Polygon", "coordinates": [[[44.00933, 13.58944], [44.00941, 13.58944], [44.00941, 13.58936], [44.00933, 13.58936], [44.00933, 13.58944]]]}}, {"type": "Feature", "properties": {"building_id": 644170364, "risk_level": "\u0645\u0646\u0637\u0642\u0629 \u0622\u0645\u0646\u0629 (Safe High Ground)", "risk_color": "#00E676", "distance_to_stream_m": 98.6, "closest_stream_order": 1, "est_flood_depth_m": 0.0, "building_name": "\u0645\u0628\u0646\u0649 \u0633\u0643\u0646\u064a"}, "geometry": {"type": "Polygon", "coordinates": [[[44.00859, 13.58758], [44.0087, 13.58765], [44.00875, 13.58757], [44.00864, 13.5875], [44.00859, 13.58758]]]}}, {"type": "Feature", "properties": {"building_id": 644170366, "risk_level": "\u0645\u0646\u0637\u0642\u0629 \u0622\u0645\u0646\u0629 (Safe High Ground)", "risk_color": "#00E676", "distance_to_stream_m": 107.8, "closest_stream_order": 3, "est_flood_depth_m": 0.0, "building_name": "\u0645\u0628\u0646\u0649 \u0633\u0643\u0646\u064a"}, "geometry": {"type": "Polygon", "coordinates": [[[44.00872, 13.58785], [44.00879, 13.58781], [44.00874, 13.58775], [44.00868, 13.5878], [44.00872, 13.58785]]]}}, {"type": "Feature", "properties": {"building_id": 644170368, "risk_level": "\u0645\u0646\u0637\u0642\u0629 \u0622\u0645\u0646\u0629 (Safe High Ground)", "risk_color": "#00E676", "distance_to_stream_m": 115.0, "closest_stream_order": 3, "est_flood_depth_m": 0.0, "building_name": "\u0645\u0628\u0646\u0649 \u0633\u0643\u0646\u064a"}, "geometry": {"type": "Polygon", "coordinates": [[[44.00885, 13.58786], [44.00879, 13.58792], [44.00893, 13.58806], [44.00899, 13.58799], [44.00885, 13.58786]]]}}, {"type": "Feature", "properties": {"building_id": 644170370, "risk_level": "\u0645\u0646\u0637\u0642\u0629 \u0622\u0645\u0646\u0629 (Safe High Ground)", "risk_color": "#00E676", "distance_to_stream_m": 109.0, "closest_stream_order": 3, "est_flood_depth_m": 0.0, "building_name": "\u0645\u0628\u0646\u0649 \u0633\u0643\u0646\u064a"}, "geometry": {"type": "Polygon", "coordinates": [[[44.00889, 13.58821], [44.00895, 13.58818], [44.0089, 13.58809], [44.00884, 13.58812], [44.00889, 13.58821]]]}}, {"type": "Feature", "properties": {"building_id": 644170372, "risk_level": "\u0645\u0646\u0637\u0642\u0629 \u0622\u0645\u0646\u0629 (Safe High Ground)", "risk_color": "#00E676", "distance_to_stream_m": 121.1, "closest_stream_order": 3, "est_flood_depth_m": 0.0, "building_name": "\u0645\u0628\u0646\u0649 \u0633\u0643\u0646\u064a"}, "geometry": {"type": "Polygon", "coordinates": [[[44.009, 13.58819], [44.00909, 13.58815], [44.00905, 13.58805], [44.00896, 13.58809], [44.009, 13.58819]]]}}, {"type": "Feature", "properties": {"building_id": 644170374, "risk_level": "\u0645\u0646\u0637\u0642\u0629 \u0622\u0645\u0646\u0629 (Safe High Ground)", "risk_color": "#00E676", "distance_to_stream_m": 103.9, "closest_stream_order": 1, "est_flood_depth_m": 0.0, "building_name": "\u0645\u0628\u0646\u0649 \u0633\u0643\u0646\u064a"}, "geometry": {"type": "Polygon", "coordinates": [[[44.0092, 13.58722], [44.00925, 13.58728], [44.00936, 13.58719], [44.00931, 13.58713], [44.0092, 13.58722]]]}}, {"type": "Feature", "properties": {"building_id": 644170376, "risk_level": "\u0645\u0646\u0637\u0642\u0629 \u0622\u0645\u0646\u0629 (Safe High Ground)", "risk_color": "#00E676", "distance_to_stream_m": 99.9, "closest_stream_order": 1, "est_flood_depth_m": 0.0, "building_name": "\u0645\u0628\u0646\u0649 \u0633\u0643\u0646\u064a"}, "geometry": {"type": "Polygon", "coordinates": [[[44.00907, 13.58699], [44.00902, 13.58709], [44.00921, 13.58718], [44.00926, 13.58708], [44.00907, 13.58699]]]}}, {"type": "Feature", "properties": {"building_id": 644170378, "risk_level": "\u0645\u0646\u0637\u0642\u0629 \u0622\u0645\u0646\u0629 (Safe High Ground)", "risk_color": "#00E676", "distance_to_stream_m": 110.6, "closest_stream_order": 1, "est_flood_depth_m": 0.0, "building_name": "\u0645\u0628\u0646\u0649 \u0633\u0643\u0646\u064a"}, "geometry": {"type": "Polygon", "coordinates": [[[44.00927, 13.58738], [44.00938, 13.58731], [44.00933, 13.58723], [44.00925, 13.58728], [44.00921, 13.5873], [44.00927, 13.58738]]]}}, {"type": "Feature", "properties": {"building_id": 644170380, "risk_level": "\u0645\u0646\u0637\u0642\u0629 \u0622\u0645\u0646\u0629 (Safe High Ground)", "risk_color": "#00E676", "distance_to_stream_m": 122.1, "closest_stream_order": 1, "est_flood_depth_m": 0.0, "building_name": "\u0645\u0628\u0646\u0649 \u0633\u0643\u0646\u064a"}, "geometry": {"type": "Polygon", "coordinates": [[[44.00932, 13.58753], [44.00936, 13.58762], [44.00948, 13.58755], [44.00944, 13.58747], [44.00932, 13.58753]]]}}, {"type": "Feature", "properties": {"building_id": 644170382, "risk_level": "\u0645\u0646\u0637\u0642\u0629 \u0622\u0645\u0646\u0629 (Safe High Ground)", "risk_color": "#00E676", "distance_to_stream_m": 118.0, "closest_stream_order": 1, "est_flood_depth_m": 0.0, "building_name": "\u0645\u0628\u0646\u0649 \u0633\u0643\u0646\u064a"}, "geometry": {"type": "Polygon", "coordinates": [[[44.00927, 13.58744], [44.00931, 13.58752], [44.00942, 13.58746], [44.00938, 13.58739], [44.00927, 13.58744]]]}}, {"type": "Feature", "properties": {"building_id": 644170383, "risk_level": "\u0645\u0646\u0637\u0642\u0629 \u0622\u0645\u0646\u0629 (Safe High Ground)", "risk_color": "#00E676", "distance_to_stream_m": 156.9, "closest_stream_order": 1, "est_flood_depth_m": 0.0, "building_name": "\u0645\u0628\u0646\u0649 \u0633\u0643\u0646\u064a"}, "geometry": {"type": "Polygon", "coordinates": [[[44.00955, 13.58808], [44.00954, 13.58782], [44.00941, 13.58783], [44.00941, 13.58809], [44.00955, 13.58808]]]}}, {"type": "Feature", "properties": {"building_id": 644170385, "risk_level": "\u0645\u0646\u0637\u0642\u0629 \u0622\u0645\u0646\u0629 (Safe High Ground)", "risk_color": "#00E676", "distance_to_stream_m": 78.6, "closest_stream_order": 1, "est_flood_depth_m": 0.0, "building_name": "\u0645\u0628\u0646\u0649 \u0633\u0643\u0646\u064a"}, "geometry": {"type": "Polygon", "coordinates": [[[44.00969, 13.58733], [44.00976, 13.5873], [44.00974, 13.58723], [44.00966, 13.58727], [44.00969, 13.58733]]]}}, {"type": "Feature", "properties": {"building_id": 644170387, "risk_level": "\u0645\u0646\u0637\u0642\u0629 \u0622\u0645\u0646\u0629 (Safe High Ground)", "risk_color": "#00E676", "distance_to_stream_m": 70.9, "closest_stream_order": 1, "est_flood_depth_m": 0.0, "building_name": "\u0645\u0628\u0646\u0649 \u0633\u0643\u0646\u064a"}, "geometry": {"type": "Polygon", "coordinates": [[[44.00977, 13.58722], [44.00978, 13.5873], [44.00986, 13.58729], [44.00985, 13.58721], [44.00977, 13.58722]]]}}, {"type": "Feature", "properties": {"building_id": 644170389, "risk_level": "\u0645\u0646\u0637\u0642\u0629 \u0622\u0645\u0646\u0629 (Safe High Ground)", "risk_color": "#00E676", "distance_to_stream_m": 75.5, "closest_stream_order": 1, "est_flood_depth_m": 0.0, "building_name": "\u0645\u0628\u0646\u0649 \u0633\u0643\u0646\u064a"}, "geometry": {"type": "Polygon", "coordinates": [[[44.00984, 13.58741], [44.01003, 13.58735], [44.01, 13.58726], [44.0098, 13.58732], [44.00984, 13.58741]]]}}, {"type": "Feature", "properties": {"building_id": 644170391, "risk_level": "\u0645\u0646\u0637\u0642\u0629 \u0622\u0645\u0646\u0629 (Safe High Ground)", "risk_color": "#00E676", "distance_to_stream_m": 100.0, "closest_stream_order": 1, "est_flood_depth_m": 0.0, "building_name": "\u0645\u0628\u0646\u0649 \u0633\u0643\u0646\u064a"}, "geometry": {"type": "Polygon", "coordinates": [[[44.00993, 13.58761], [44.00988, 13.58745], [44.00978, 13.58749], [44.00983, 13.58764], [44.00993, 13.58761]]]}}, {"type": "Feature", "properties": {"building_id": 644170393, "risk_level": "\u0645\u0646\u0637\u0642\u0629 \u0622\u0645\u0646\u0629 (Safe High Ground)", "risk_color": "#00E676", "distance_to_stream_m": 95.3, "closest_stream_order": 1, "est_flood_depth_m": 0.0, "building_name": "\u0645\u0628\u0646\u0649 \u0633\u0643\u0646\u064a"}, "geometry": {"type": "Polygon", "coordinates": [[[44.01014, 13.5876], [44.01006, 13.5874], [44.0099, 13.58746], [44.00997, 13.58766], [44.01014, 13.5876]]]}}, {"type": "Feature", "properties": {"building_id": 644170395, "risk_level": "\u0645\u0647\u062f\u062f \u0628\u0627\u0644\u063a\u0645\u0631 (High Risk)", "risk_color": "#FF9100", "distance_to_stream_m": 23.2, "closest_stream_order": 1, "est_flood_depth_m": 0.5, "building_name": "\u0645\u0628\u0646\u0649 \u0633\u0643\u0646\u064a"}, "geometry": {"type": "Polygon", "coordinates": [[[44.01029, 13.58694], [44.01029, 13.58683], [44.01018, 13.58682], [44.01017, 13.58694], [44.01029, 13.58694]]]}}, {"type": "Feature", "properties": {"building_id": 644170397, "risk_level": "\u062a\u0623\u062b\u0631 \u0645\u062a\u0648\u0633\u0637 (Moderate Risk)", "risk_color": "#FFEA00", "distance_to_stream_m": 43.8, "closest_stream_order": 1, "est_flood_depth_m": 0.2, "building_name": "\u0645\u0628\u0646\u0649 \u0633\u0643\u0646\u064a"}, "geometry": {"type": "Polygon", "coordinates": [[[44.01014, 13.58716], [44.01031, 13.5872], [44.01035, 13.58701], [44.01019, 13.58697], [44.01014, 13.58716]]]}}, {"type": "Feature", "properties": {"building_id": 644170398, "risk_level": "\u0645\u0646\u0637\u0642\u0629 \u0622\u0645\u0646\u0629 (Safe High Ground)", "risk_color": "#00E676", "distance_to_stream_m": 93.7, "closest_stream_order": 1, "est_flood_depth_m": 0.0, "building_name": "\u0645\u0628\u0646\u0649 \u0633\u0643\u0646\u064a"}, "geometry": {"type": "Polygon", "coordinates": [[[44.01109, 13.5862], [44.01114, 13.58601], [44.01102, 13.58598], [44.01097, 13.58617], [44.01109, 13.5862]]]}}, {"type": "Feature", "properties": {"building_id": 644170400, "risk_level": "\u0645\u0646\u0637\u0642\u0629 \u0622\u0645\u0646\u0629 (Safe High Ground)", "risk_color": "#00E676", "distance_to_stream_m": 83.9, "closest_stream_order": 1, "est_flood_depth_m": 0.0, "building_name": "\u0645\u0628\u0646\u0649 \u0633\u0643\u0646\u064a"}, "geometry": {"type": "Polygon", "coordinates": [[[44.01111, 13.58634], [44.01121, 13.5864], [44.01126, 13.58633], [44.01115, 13.58627], [44.01111, 13.58634]]]}}, {"type": "Feature", "properties": {"building_id": 644170402, "risk_level": "\u0645\u0646\u0637\u0642\u0629 \u0622\u0645\u0646\u0629 (Safe High Ground)", "risk_color": "#00E676", "distance_to_stream_m": 68.7, "closest_stream_order": 1, "est_flood_depth_m": 0.0, "building_name": "\u0645\u0628\u0646\u0649 \u0633\u0643\u0646\u064a"}, "geometry": {"type": "Polygon", "coordinates": [[[44.01094, 13.58625], [44.01091, 13.58639], [44.01102, 13.58641], [44.01106, 13.58628], [44.01094, 13.58625]]]}}, {"type": "Feature", "properties": {"building_id": 644170404, "risk_level": "\u062a\u0623\u062b\u0631 \u0645\u062a\u0648\u0633\u0637 (Moderate Risk)", "risk_color": "#FFEA00", "distance_to_stream_m": 52.3, "closest_stream_order": 1, "est_flood_depth_m": 0.2, "building_name": "\u0645\u0628\u0646\u0649 \u0633\u0643\u0646\u064a"}, "geometry": {"type": "Polygon", "coordinates": [[[44.01064, 13.58639], [44.01074, 13.58639], [44.01079, 13.58624], [44.01067, 13.5862], [44.01064, 13.58639]]]}}, {"type": "Feature", "properties": {"building_id": 644170406, "risk_level": "\u062a\u0623\u062b\u0631 \u0645\u062a\u0648\u0633\u0637 (Moderate Risk)", "risk_color": "#FFEA00", "distance_to_stream_m": 56.7, "closest_stream_order": 1, "est_flood_depth_m": 0.2, "building_name": "\u0645\u0628\u0646\u0649 \u0633\u0643\u0646\u064a"}, "geometry": {"type": "Polygon", "coordinates": [[[44.01074, 13.5864], [44.01085, 13.58643], [44.0109, 13.58625], [44.0108, 13.58622], [44.01074, 13.5864]]]}}, {"type": "Feature", "properties": {"building_id": 644170409, "risk_level": "\u062a\u0623\u062b\u0631 \u0645\u062a\u0648\u0633\u0637 (Moderate Risk)", "risk_color": "#FFEA00", "distance_to_stream_m": 48.9, "closest_stream_order": 1, "est_flood_depth_m": 0.2, "building_name": "\u0645\u0628\u0646\u0649 \u0633\u0643\u0646\u064a"}, "geometry": {"type": "Polygon", "coordinates": [[[44.01021, 13.58614], [44.01019, 13.58627], [44.01038, 13.5863], [44.0104, 13.58617], [44.01021, 13.58614]]]}}, {"type": "Feature", "properties": {"building_id": 644170411, "risk_level": "\u0645\u0647\u062f\u062f \u0628\u0627\u0644\u063a\u0645\u0631 (High Risk)", "risk_color": "#FF9100", "distance_to_stream_m": 20.9, "closest_stream_order": 1, "est_flood_depth_m": 0.5, "building_name": "\u0645\u0628\u0646\u0649 \u0633\u0643\u0646\u064a"}, "geometry": {"type": "Polygon", "coordinates": [[[44.01002, 13.58649], [44.0102, 13.58652], [44.01023, 13.58638], [44.01004, 13.58635], [44.01002, 13.58649]]]}}, {"type": "Feature", "properties": {"building_id": 644170414, "risk_level": "\u0645\u0647\u062f\u062f \u0628\u0627\u0644\u063a\u0645\u0631 (High Risk)", "risk_color": "#FF9100", "distance_to_stream_m": 15.6, "closest_stream_order": 1, "est_flood_depth_m": 0.5, "building_name": "\u0645\u0628\u0646\u0649 \u0633\u0643\u0646\u064a"}, "geometry": {"type": "Polygon", "coordinates": [[[44.01022, 13.58657], [44.01052, 13.58662], [44.01054, 13.58649], [44.01024, 13.58645], [44.01022, 13.58657]]]}}, {"type": "Feature", "properties": {"building_id": 644170415, "risk_level": "\u062a\u0623\u062b\u0631 \u0645\u062a\u0648\u0633\u0637 (Moderate Risk)", "risk_color": "#FFEA00", "distance_to_stream_m": 42.8, "closest_stream_order": 1, "est_flood_depth_m": 0.2, "building_name": "\u0645\u0628\u0646\u0649 \u0633\u0643\u0646\u064a"}, "geometry": {"type": "Polygon", "coordinates": [[[44.01078, 13.58662], [44.01093, 13.58665], [44.01098, 13.5865], [44.01083, 13.58646], [44.01078, 13.58662]]]}}, {"type": "Feature", "properties": {"building_id": 644170417, "risk_level": "\u062a\u0623\u062b\u0631 \u0645\u062a\u0648\u0633\u0637 (Moderate Risk)", "risk_color": "#FFEA00", "distance_to_stream_m": 50.0, "closest_stream_order": 1, "est_flood_depth_m": 0.2, "building_name": "\u0645\u0628\u0646\u0649 \u0633\u0643\u0646\u064a"}, "geometry": {"type": "Polygon", "coordinates": [[[44.01111, 13.58687], [44.0112, 13.58689], [44.01125, 13.58676], [44.01116, 13.58674], [44.01111, 13.58687]]]}}, {"type": "Feature", "properties": {"building_id": 644170419, "risk_level": "\u0645\u0646\u0637\u0642\u0629 \u0622\u0645\u0646\u0629 (Safe High Ground)", "risk_color": "#00E676", "distance_to_stream_m": 78.5, "closest_stream_order": 1, "est_flood_depth_m": 0.0, "building_name": "\u0645\u0628\u0646\u0649 \u0633\u0643\u0646\u064a"}, "geometry": {"type": "Polygon", "coordinates": [[[44.01136, 13.58674], [44.01148, 13.58675], [44.01148, 13.58658], [44.01136, 13.58657], [44.01136, 13.58674]]]}}, {"type": "Feature", "properties": {"building_id": 644170421, "risk_level": "\u062a\u0623\u062b\u0631 \u0645\u062a\u0648\u0633\u0637 (Moderate Risk)", "risk_color": "#FFEA00", "distance_to_stream_m": 52.3, "closest_stream_order": 1, "est_flood_depth_m": 0.2, "building_name": "\u0645\u0628\u0646\u0649 \u0633\u0643\u0646\u064a"}, "geometry": {"type": "Polygon", "coordinates": [[[44.01129, 13.58704], [44.01136, 13.58704], [44.01136, 13.58703], [44.01136, 13.58697], [44.01129, 13.58697], [44.01129, 13.58704]]]}}, {"type": "Feature", "properties": {"building_id": 644170423, "risk_level": "\u062a\u0623\u062b\u0631 \u0645\u062a\u0648\u0633\u0637 (Moderate Risk)", "risk_color": "#FFEA00", "distance_to_stream_m": 45.5, "closest_stream_order": 1, "est_flood_depth_m": 0.2, "building_name": "\u0645\u0628\u0646\u0649 \u0633\u0643\u0646\u064a"}, "geometry": {"type": "Polygon", "coordinates": [[[44.01126, 13.58714], [44.01135, 13.58714], [44.01135, 13.58707], [44.01126, 13.58707], [44.01126, 13.58714]]]}}, {"type": "Feature", "properties": {"building_id": 644170425, "risk_level": "\u0645\u0646\u0637\u0642\u0629 \u0622\u0645\u0646\u0629 (Safe High Ground)", "risk_color": "#00E676", "distance_to_stream_m": 62.4, "closest_stream_order": 1, "est_flood_depth_m": 0.0, "building_name": "\u0645\u0628\u0646\u0649 \u0633\u0643\u0646\u064a"}, "geometry": {"type": "Polygon", "coordinates": [[[44.01136, 13.58703], [44.01148, 13.58703], [44.01148, 13.58697], [44.01136, 13.58697], [44.01136, 13.58703]]]}}, {"type": "Feature", "properties": {"building_id": 644170428, "risk_level": "\u062a\u0623\u062b\u0631 \u0645\u062a\u0648\u0633\u0637 (Moderate Risk)", "risk_color": "#FFEA00", "distance_to_stream_m": 58.0, "closest_stream_order": 1, "est_flood_depth_m": 0.2, "building_name": "\u0645\u0628\u0646\u0649 \u0633\u0643\u0646\u064a"}, "geometry": {"type": "Polygon", "coordinates": [[[44.01148, 13.58711], [44.01148, 13.58705], [44.01136, 13.58705], [44.01136, 13.58711], [44.01148, 13.58711]]]}}, {"type": "Feature", "properties": {"building_id": 644170430, "risk_level": "\u062a\u0623\u062b\u0631 \u0645\u062a\u0648\u0633\u0637 (Moderate Risk)", "risk_color": "#FFEA00", "distance_to_stream_m": 39.9, "closest_stream_order": 1, "est_flood_depth_m": 0.2, "building_name": "\u0645\u0628\u0646\u0649 \u0633\u0643\u0646\u064a"}, "geometry": {"type": "Polygon", "coordinates": [[[44.01125, 13.58723], [44.01134, 13.58723], [44.01134, 13.58716], [44.01126, 13.58715], [44.01125, 13.58723]]]}}, {"type": "Feature", "properties": {"building_id": 644170432, "risk_level": "\u062a\u0623\u062b\u0631 \u0645\u062a\u0648\u0633\u0637 (Moderate Risk)", "risk_color": "#FFEA00", "distance_to_stream_m": 52.0, "closest_stream_order": 1, "est_flood_depth_m": 0.2, "building_name": "\u0645\u0628\u0646\u0649 \u0633\u0643\u0646\u064a"}, "geometry": {"type": "Polygon", "coordinates": [[[44.01146, 13.58724], [44.01147, 13.58713], [44.01136, 13.58713], [44.01136, 13.58724], [44.01146, 13.58724]]]}}, {"type": "Feature", "properties": {"building_id": 644170434, "risk_level": "\u062a\u0623\u062b\u0631 \u0645\u062a\u0648\u0633\u0637 (Moderate Risk)", "risk_color": "#FFEA00", "distance_to_stream_m": 39.0, "closest_stream_order": 1, "est_flood_depth_m": 0.2, "building_name": "\u0645\u0628\u0646\u0649 \u0633\u0643\u0646\u064a"}, "geometry": {"type": "Polygon", "coordinates": [[[44.01143, 13.5874], [44.01143, 13.58725], [44.01123, 13.58725], [44.01119, 13.5874], [44.01143, 13.5874]]]}}, {"type": "Feature", "properties": {"building_id": 644170436, "risk_level": "\u062a\u0623\u062b\u0631 \u0645\u062a\u0648\u0633\u0637 (Moderate Risk)", "risk_color": "#FFEA00", "distance_to_stream_m": 41.2, "closest_stream_order": 1, "est_flood_depth_m": 0.2, "building_name": "\u0645\u0628\u0646\u0649 \u0633\u0643\u0646\u064a"}, "geometry": {"type": "Polygon", "coordinates": [[[44.01143, 13.58754], [44.01143, 13.58743], [44.01127, 13.58743], [44.01127, 13.58754], [44.01143, 13.58754]]]}}, {"type": "Feature", "properties": {"building_id": 644170438, "risk_level": "\u0645\u0647\u062f\u062f \u0628\u0627\u0644\u063a\u0645\u0631 (High Risk)", "risk_color": "#FF9100", "distance_to_stream_m": 29.2, "closest_stream_order": 1, "est_flood_depth_m": 0.5, "building_name": "\u0645\u0628\u0646\u0649 \u0633\u0643\u0646\u064a"}, "geometry": {"type": "Polygon", "coordinates": [[[44.01061, 13.58764], [44.01073, 13.58778], [44.01081, 13.58772], [44.01069, 13.58758], [44.01061, 13.58764]]]}}, {"type": "Feature", "properties": {"building_id": 644170439, "risk_level": "\u0645\u0647\u062f\u062f \u0628\u0627\u0644\u063a\u0645\u0631 (High Risk)", "risk_color": "#FF9100", "distance_to_stream_m": 17.7, "closest_stream_order": 1, "est_flood_depth_m": 0.5, "building_name": "\u0645\u0628\u0646\u0649 \u0633\u0643\u0646\u064a"}, "geometry": {"type": "Polygon", "coordinates": [[[44.01083, 13.58789], [44.01098, 13.58774], [44.0109, 13.58766], [44.01075, 13.58781], [44.01083, 13.58789]]]}}, {"type": "Feature", "properties": {"building_id": 644170441, "risk_level": "\u0645\u0647\u062f\u062f \u0628\u0627\u0644\u063a\u0645\u0631 (High Risk)", "risk_color": "#FF9100", "distance_to_stream_m": 18.5, "closest_stream_order": 1, "est_flood_depth_m": 0.5, "building_name": "\u0645\u0628\u0646\u0649 \u0633\u0643\u0646\u064a"}, "geometry": {"type": "Polygon", "coordinates": [[[44.01105, 13.58779], [44.01104, 13.5879], [44.0114, 13.58794], [44.01141, 13.58782], [44.01105, 13.58779]]]}}, {"type": "Feature", "properties": {"building_id": 644170443, "risk_level": "\u0645\u0647\u062f\u062f \u0628\u0627\u0644\u063a\u0645\u0631 (High Risk)", "risk_color": "#FF9100", "distance_to_stream_m": 19.5, "closest_stream_order": 1, "est_flood_depth_m": 0.5, "building_name": "\u0645\u0628\u0646\u0649 \u0633\u0643\u0646\u064a"}, "geometry": {"type": "Polygon", "coordinates": [[[44.01126, 13.58826], [44.0114, 13.58827], [44.01141, 13.58817], [44.01126, 13.58816], [44.01126, 13.58826]]]}}, {"type": "Feature", "properties": {"building_id": 644170445, "risk_level": "\u0645\u0647\u062f\u062f \u0628\u0627\u0644\u063a\u0645\u0631 (High Risk)", "risk_color": "#FF9100", "distance_to_stream_m": 24.6, "closest_stream_order": 1, "est_flood_depth_m": 0.5, "building_name": "\u0645\u0628\u0646\u0649 \u0633\u0643\u0646\u064a"}, "geometry": {"type": "Polygon", "coordinates": [[[44.01082, 13.58908], [44.01093, 13.58909], [44.01093, 13.58895], [44.01093, 13.58887], [44.01119, 13.58888], [44.0112, 13.58901], [44.01131, 13.58901], [44.01133, 13.58879], [44.01082, 13.58876], [44.01082, 13.58908]]]}}, {"type": "Feature", "properties": {"building_id": 644170447, "risk_level": "\u0645\u0646\u0637\u0642\u0629 \u0622\u0645\u0646\u0629 (Safe High Ground)", "risk_color": "#00E676", "distance_to_stream_m": 92.4, "closest_stream_order": 1, "est_flood_depth_m": 0.0, "building_name": "\u0645\u0628\u0646\u0649 \u0633\u0643\u0646\u064a"}, "geometry": {"type": "Polygon", "coordinates": [[[44.01005, 13.58895], [44.01006, 13.5891], [44.01018, 13.58909], [44.01017, 13.58895], [44.01005, 13.58895]]]}}, {"type": "Feature", "properties": {"building_id": 644170449, "risk_level": "\u0645\u0646\u0637\u0642\u0629 \u0622\u0645\u0646\u0629 (Safe High Ground)", "risk_color": "#00E676", "distance_to_stream_m": 109.3, "closest_stream_order": 1, "est_flood_depth_m": 0.0, "building_name": "\u0645\u0628\u0646\u0649 \u0633\u0643\u0646\u064a"}, "geometry": {"type": "Polygon", "coordinates": [[[44.01001, 13.58892], [44.01008, 13.58879], [44.01002, 13.58876], [44.00995, 13.5889], [44.01001, 13.58892]]]}}, {"type": "Feature", "properties": {"building_id": 644170451, "risk_level": "\u0645\u0646\u0637\u0642\u0629 \u0622\u0645\u0646\u0629 (Safe High Ground)", "risk_color": "#00E676", "distance_to_stream_m": 79.8, "closest_stream_order": 3, "est_flood_depth_m": 0.0, "building_name": "\u0645\u0628\u0646\u0649 \u0633\u0643\u0646\u064a"}, "geometry": {"type": "Polygon", "coordinates": [[[44.00905, 13.58885], [44.00909, 13.58894], [44.00929, 13.58887], [44.00926, 13.58877], [44.00905, 13.58885]]]}}, {"type": "Feature", "properties": {"building_id": 644170453, "risk_level": "\u0645\u0647\u062f\u062f \u0628\u0627\u0644\u063a\u0645\u0631 (High Risk)", "risk_color": "#FF9100", "distance_to_stream_m": 16.0, "closest_stream_order": 3, "est_flood_depth_m": 0.5, "building_name": "\u0645\u0628\u0646\u0649 \u0633\u0643\u0646\u064a"}, "geometry": {"type": "Polygon", "coordinates": [[[44.00797, 13.58852], [44.00797, 13.58865], [44.00813, 13.58865], [44.00812, 13.58852], [44.00797, 13.58852]]]}}, {"type": "Feature", "properties": {"building_id": 644170455, "risk_level": "\u0645\u0646\u0637\u0642\u0629 \u0622\u0645\u0646\u0629 (Safe High Ground)", "risk_color": "#00E676", "distance_to_stream_m": 73.6, "closest_stream_order": 1, "est_flood_depth_m": 0.0, "building_name": "\u0645\u0628\u0646\u0649 \u0633\u0643\u0646\u064a"}, "geometry": {"type": "Polygon", "coordinates": [[[44.0089, 13.58689], [44.00901, 13.58688], [44.009, 13.58681], [44.00889, 13.58682], [44.0089, 13.58689]]]}}, {"type": "Feature", "properties": {"building_id": 644170457, "risk_level": "\u0645\u0646\u0637\u0642\u0629 \u0622\u0645\u0646\u0629 (Safe High Ground)", "risk_color": "#00E676", "distance_to_stream_m": 83.2, "closest_stream_order": 1, "est_flood_depth_m": 0.0, "building_name": "\u0645\u0628\u0646\u0649 \u0633\u0643\u0646\u064a"}, "geometry": {"type": "Polygon", "coordinates": [[[44.00889, 13.58709], [44.00877, 13.58713], [44.00882, 13.58728], [44.00895, 13.58724], [44.00889, 13.58709]]]}}, {"type": "Feature", "properties": {"building_id": 644170459, "risk_level": "\u062a\u0623\u062b\u0631 \u0645\u062a\u0648\u0633\u0637 (Moderate Risk)", "risk_color": "#FFEA00", "distance_to_stream_m": 56.7, "closest_stream_order": 1, "est_flood_depth_m": 0.2, "building_name": "\u0645\u0628\u0646\u0649 \u0633\u0643\u0646\u064a"}, "geometry": {"type": "Polygon", "coordinates": [[[44.00876, 13.58689], [44.00865, 13.58691], [44.00868, 13.58708], [44.00879, 13.58706], [44.00876, 13.58689]]]}}, {"type": "Feature", "properties": {"building_id": 644170460, "risk_level": "\u062a\u0623\u062b\u0631 \u0645\u062a\u0648\u0633\u0637 (Moderate Risk)", "risk_color": "#FFEA00", "distance_to_stream_m": 55.9, "closest_stream_order": 1, "est_flood_depth_m": 0.2, "building_name": "\u0645\u0628\u0646\u0649 \u0633\u0643\u0646\u064a"}, "geometry": {"type": "Polygon", "coordinates": [[[44.00849, 13.58721], [44.00864, 13.5872], [44.00863, 13.58707], [44.00848, 13.58708], [44.00849, 13.58721]]]}}, {"type": "Feature", "properties": {"building_id": 644170462, "risk_level": "\u062a\u0623\u062b\u0631 \u0645\u062a\u0648\u0633\u0637 (Moderate Risk)", "risk_color": "#FFEA00", "distance_to_stream_m": 48.4, "closest_stream_order": 1, "est_flood_depth_m": 0.2, "building_name": "\u0645\u0628\u0646\u0649 \u0633\u0643\u0646\u064a"}, "geometry": {"type": "Polygon", "coordinates": [[[44.00818, 13.58743], [44.00833, 13.58744], [44.00834, 13.58731], [44.0082, 13.58729], [44.00818, 13.58743]]]}}, {"type": "Feature", "properties": {"building_id": 644170464, "risk_level": "\u0645\u0646\u0637\u0642\u0629 \u0622\u0645\u0646\u0629 (Safe High Ground)", "risk_color": "#00E676", "distance_to_stream_m": 85.8, "closest_stream_order": 1, "est_flood_depth_m": 0.0, "building_name": "\u0645\u0628\u0646\u0649 \u0633\u0643\u0646\u064a"}, "geometry": {"type": "Polygon", "coordinates": [[[44.0084, 13.58768], [44.00839, 13.58771], [44.00847, 13.58772], [44.00847, 13.58768], [44.0084, 13.58768]]]}}, {"type": "Feature", "properties": {"building_id": 644170466, "risk_level": "\u0645\u0646\u0637\u0642\u0629 \u0622\u0645\u0646\u0629 (Safe High Ground)", "risk_color": "#00E676", "distance_to_stream_m": 71.7, "closest_stream_order": 3, "est_flood_depth_m": 0.0, "building_name": "\u0645\u0628\u0646\u0649 \u0633\u0643\u0646\u064a"}, "geometry": {"type": "Polygon", "coordinates": [[[44.00833, 13.58782], [44.00834, 13.58796], [44.00843, 13.58795], [44.00843, 13.58782], [44.00833, 13.58782]]]}}, {"type": "Feature", "properties": {"building_id": 644170468, "risk_level": "\u0645\u0646\u0637\u0642\u0629 \u0622\u0645\u0646\u0629 (Safe High Ground)", "risk_color": "#00E676", "distance_to_stream_m": 62.3, "closest_stream_order": 3, "est_flood_depth_m": 0.0, "building_name": "\u0645\u0628\u0646\u0649 \u0633\u0643\u0646\u064a"}, "geometry": {"type": "Polygon", "coordinates": [[[44.00817, 13.58794], [44.00832, 13.58793], [44.00832, 13.5878], [44.00816, 13.5878], [44.00817, 13.58794]]]}}, {"type": "Feature", "properties": {"building_id": 644170470, "risk_level": "\u0645\u0646\u0637\u0642\u0629 \u0622\u0645\u0646\u0629 (Safe High Ground)", "risk_color": "#00E676", "distance_to_stream_m": 125.5, "closest_stream_order": 1, "est_flood_depth_m": 0.0, "building_name": "\u0645\u0628\u0646\u0649 \u0633\u0643\u0646\u064a"}, "geometry": {"type": "Polygon", "coordinates": [[[44.00998, 13.58833], [44.01002, 13.58826], [44.00995, 13.58822], [44.0099, 13.58829], [44.00998, 13.58833]]]}}, {"type": "Feature", "properties": {"building_id": 644170472, "risk_level": "\u0645\u0646\u0637\u0642\u0629 \u0622\u0645\u0646\u0629 (Safe High Ground)", "risk_color": "#00E676", "distance_to_stream_m": 149.5, "closest_stream_order": 1, "est_flood_depth_m": 0.0, "building_name": "\u0645\u0628\u0646\u0649 \u0633\u0643\u0646\u064a"}, "geometry": {"type": "Polygon", "coordinates": [[[44.00967, 13.58858], [44.00976, 13.58864], [44.00987, 13.58848], [44.00978, 13.58842], [44.00967, 13.58858]]]}}, {"type": "Feature", "properties": {"building_id": 644170474, "risk_level": "\u0645\u0646\u0637\u0642\u0629 \u0622\u0645\u0646\u0629 (Safe High Ground)", "risk_color": "#00E676", "distance_to_stream_m": 64.8, "closest_stream_order": 1, "est_flood_depth_m": 0.0, "building_name": "\u0645\u0628\u0646\u0649 \u0633\u0643\u0646\u064a"}, "geometry": {"type": "Polygon", "coordinates": [[[44.01033, 13.58774], [44.0104, 13.58782], [44.01044, 13.58779], [44.01048, 13.58776], [44.0104, 13.58768], [44.01033, 13.58774]]]}}, {"type": "Feature", "properties": {"building_id": 644170476, "risk_level": "\u0645\u0646\u0637\u0642\u0629 \u0622\u0645\u0646\u0629 (Safe High Ground)", "risk_color": "#00E676", "distance_to_stream_m": 78.3, "closest_stream_order": 1, "est_flood_depth_m": 0.0, "building_name": "\u0645\u0628\u0646\u0649 \u0633\u0643\u0646\u064a"}, "geometry": {"type": "Polygon", "coordinates": [[[44.01025, 13.58795], [44.01034, 13.58802], [44.01039, 13.58797], [44.0103, 13.58789], [44.01025, 13.58795]]]}}, {"type": "Feature", "properties": {"building_id": 644170478, "risk_level": "\u0645\u0646\u0637\u0642\u0629 \u0622\u0645\u0646\u0629 (Safe High Ground)", "risk_color": "#00E676", "distance_to_stream_m": 89.4, "closest_stream_order": 1, "est_flood_depth_m": 0.0, "building_name": "\u0645\u0628\u0646\u0649 \u0633\u0643\u0646\u064a"}, "geometry": {"type": "Polygon", "coordinates": [[[44.01027, 13.58822], [44.01034, 13.58813], [44.01029, 13.5881], [44.01025, 13.58807], [44.01018, 13.58816], [44.01027, 13.58822]]]}}, {"type": "Feature", "properties": {"building_id": 644170480, "risk_level": "\u0645\u0646\u0637\u0642\u0629 \u0622\u0645\u0646\u0629 (Safe High Ground)", "risk_color": "#00E676", "distance_to_stream_m": 110.6, "closest_stream_order": 1, "est_flood_depth_m": 0.0, "building_name": "\u0645\u0628\u0646\u0649 \u0633\u0643\u0646\u064a"}, "geometry": {"type": "Polygon", "coordinates": [[[44.01013, 13.5884], [44.01019, 13.58831], [44.01011, 13.58826], [44.01005, 13.58835], [44.01013, 13.5884]]]}}, {"type": "Feature", "properties": {"building_id": 644170482, "risk_level": "\u0645\u0646\u0637\u0642\u0629 \u0622\u0645\u0646\u0629 (Safe High Ground)", "risk_color": "#00E676", "distance_to_stream_m": 118.6, "closest_stream_order": 1, "est_flood_depth_m": 0.0, "building_name": "\u0645\u0628\u0646\u0649 \u0633\u0643\u0646\u064a"}, "geometry": {"type": "Polygon", "coordinates": [[[44.01006, 13.58852], [44.01012, 13.58842], [44.01004, 13.58837], [44.00998, 13.58847], [44.01006, 13.58852]]]}}, {"type": "Feature", "properties": {"building_id": 644170484, "risk_level": "\u0645\u0646\u0637\u0642\u0629 \u0622\u0645\u0646\u0629 (Safe High Ground)", "risk_color": "#00E676", "distance_to_stream_m": 130.3, "closest_stream_order": 1, "est_flood_depth_m": 0.0, "building_name": "\u0645\u0628\u0646\u0649 \u0633\u0643\u0646\u064a"}, "geometry": {"type": "Polygon", "coordinates": [[[44.00998, 13.58859], [44.01001, 13.58854], [44.00993, 13.5885], [44.00991, 13.58856], [44.00998, 13.58859]]]}}, {"type": "Feature", "properties": {"building_id": 644170485, "risk_level": "\u0645\u0646\u0637\u0642\u0629 \u0622\u0645\u0646\u0629 (Safe High Ground)", "risk_color": "#00E676", "distance_to_stream_m": 128.4, "closest_stream_order": 1, "est_flood_depth_m": 0.0, "building_name": "\u0645\u0628\u0646\u0649 \u0633\u0643\u0646\u064a"}, "geometry": {"type": "Polygon", "coordinates": [[[44.00994, 13.58871], [44.00997, 13.58864], [44.00988, 13.58861], [44.00985, 13.58868], [44.00994, 13.58871]]]}}, {"type": "Feature", "properties": {"building_id": 644170487, "risk_level": "\u0645\u0646\u0637\u0642\u0629 \u0622\u0645\u0646\u0629 (Safe High Ground)", "risk_color": "#00E676", "distance_to_stream_m": 114.1, "closest_stream_order": 3, "est_flood_depth_m": 0.0, "building_name": "\u0645\u0628\u0646\u0649 \u0633\u0643\u0646\u064a"}, "geometry": {"type": "Polygon", "coordinates": [[[44.00958, 13.58896], [44.00963, 13.58887], [44.00955, 13.58883], [44.0095, 13.58891], [44.00958, 13.58896]]]}}, {"type": "Feature", "properties": {"building_id": 644170489, "risk_level": "\u0645\u0646\u0637\u0642\u0629 \u0622\u0645\u0646\u0629 (Safe High Ground)", "risk_color": "#00E676", "distance_to_stream_m": 131.9, "closest_stream_order": 1, "est_flood_depth_m": 0.0, "building_name": "\u0645\u0628\u0646\u0649 \u0633\u0643\u0646\u064a"}, "geometry": {"type": "Polygon", "coordinates": [[[44.00973, 13.58883], [44.00986, 13.58887], [44.0099, 13.58875], [44.00977, 13.58871], [44.00973, 13.58883]]]}}, {"type": "Feature", "properties": {"building_id": 644170491, "risk_level": "\u0645\u0646\u0637\u0642\u0629 \u0622\u0645\u0646\u0629 (Safe High Ground)", "risk_color": "#00E676", "distance_to_stream_m": 95.7, "closest_stream_order": 3, "est_flood_depth_m": 0.0, "building_name": "\u0645\u0628\u0646\u0649 \u0633\u0643\u0646\u064a"}, "geometry": {"type": "Polygon", "coordinates": [[[44.00882, 13.58836], [44.00892, 13.58831], [44.00887, 13.5882], [44.00877, 13.58825], [44.00882, 13.58836]]]}}, {"type": "Feature", "properties": {"building_id": 644170493, "risk_level": "\u0645\u0646\u0637\u0642\u0629 \u0622\u0645\u0646\u0629 (Safe High Ground)", "risk_color": "#00E676", "distance_to_stream_m": 88.3, "closest_stream_order": 3, "est_flood_depth_m": 0.0, "building_name": "\u0645\u0628\u0646\u0649 \u0633\u0643\u0646\u064a"}, "geometry": {"type": "Polygon", "coordinates": [[[44.00888, 13.58846], [44.00896, 13.58844], [44.00893, 13.58834], [44.00884, 13.58837], [44.00888, 13.58846]]]}}, {"type": "Feature", "properties": {"building_id": 644170495, "risk_level": "\u0645\u0646\u0637\u0642\u0629 \u0622\u0645\u0646\u0629 (Safe High Ground)", "risk_color": "#00E676", "distance_to_stream_m": 106.6, "closest_stream_order": 3, "est_flood_depth_m": 0.0, "building_name": "\u0645\u0628\u0646\u0649 \u0633\u0643\u0646\u064a"}, "geometry": {"type": "Polygon", "coordinates": [[[44.00898, 13.58841], [44.00915, 13.58835], [44.00908, 13.58818], [44.00891, 13.58824], [44.00898, 13.58841]]]}}, {"type": "Feature", "properties": {"building_id": 644170497, "risk_level": "\u0645\u0646\u0637\u0642\u0629 \u0622\u0645\u0646\u0629 (Safe High Ground)", "risk_color": "#00E676", "distance_to_stream_m": 90.8, "closest_stream_order": 3, "est_flood_depth_m": 0.0, "building_name": "\u0645\u0628\u0646\u0649 \u0633\u0643\u0646\u064a"}, "geometry": {"type": "Polygon", "coordinates": [[[44.00903, 13.58873], [44.00928, 13.58866], [44.00921, 13.58843], [44.00896, 13.5885], [44.00903, 13.58873]]]}}, {"type": "Feature", "properties": {"building_id": 644170499, "risk_level": "\u0645\u0646\u0637\u0642\u0629 \u0622\u0645\u0646\u0629 (Safe High Ground)", "risk_color": "#00E676", "distance_to_stream_m": 124.9, "closest_stream_order": 3, "est_flood_depth_m": 0.0, "building_name": "\u0645\u0628\u0646\u0649 \u0633\u0643\u0646\u064a"}, "geometry": {"type": "Polygon", "coordinates": [[[44.00948, 13.58877], [44.00961, 13.58884], [44.00967, 13.58872], [44.00953, 13.58866], [44.00948, 13.58877]]]}}, {"type": "Feature", "properties": {"building_id": 644170500, "risk_level": "\u0645\u0646\u0637\u0642\u0629 \u0622\u0645\u0646\u0629 (Safe High Ground)", "risk_color": "#00E676", "distance_to_stream_m": 97.4, "closest_stream_order": 3, "est_flood_depth_m": 0.0, "building_name": "\u0645\u0628\u0646\u0649 \u0633\u0643\u0646\u064a"}, "geometry": {"type": "Polygon", "coordinates": [[[44.00938, 13.58905], [44.0095, 13.5891], [44.00956, 13.58898], [44.00943, 13.58892], [44.00938, 13.58905]]]}}, {"type": "Feature", "properties": {"building_id": 644170502, "risk_level": "\u0645\u0646\u0637\u0642\u0629 \u0622\u0645\u0646\u0629 (Safe High Ground)", "risk_color": "#00E676", "distance_to_stream_m": 62.5, "closest_stream_order": 2, "est_flood_depth_m": 0.0, "building_name": "\u0645\u0628\u0646\u0649 \u0633\u0643\u0646\u064a"}, "geometry": {"type": "Polygon", "coordinates": [[[44.01004, 13.58942], [44.01006, 13.58949], [44.01019, 13.58946], [44.01018, 13.58939], [44.01004, 13.58942]]]}}, {"type": "Feature", "properties": {"building_id": 644170504, "risk_level": "\u0645\u0646\u0637\u0642\u0629 \u0622\u0645\u0646\u0629 (Safe High Ground)", "risk_color": "#00E676", "distance_to_stream_m": 67.7, "closest_stream_order": 1, "est_flood_depth_m": 0.0, "building_name": "\u0645\u0628\u0646\u0649 \u0633\u0643\u0646\u064a"}, "geometry": {"type": "Polygon", "coordinates": [[[44.01031, 13.58903], [44.01042, 13.58903], [44.01042, 13.58893], [44.01031, 13.58893], [44.01031, 13.58903]]]}}, {"type": "Feature", "properties": {"building_id": 644170506, "risk_level": "\u0645\u0646\u0637\u0642\u0629 \u0622\u0645\u0646\u0629 (Safe High Ground)", "risk_color": "#00E676", "distance_to_stream_m": 90.2, "closest_stream_order": 2, "est_flood_depth_m": 0.0, "building_name": "\u0645\u0628\u0646\u0649 \u0633\u0643\u0646\u064a"}, "geometry": {"type": "Polygon", "coordinates": [[[44.00997, 13.58923], [44.01005, 13.58923], [44.01005, 13.58913], [44.00996, 13.58913], [44.00997, 13.58923]]]}}, {"type": "Feature", "properties": {"building_id": 644170508, "risk_level": "\u0645\u0646\u0637\u0642\u0629 \u0622\u0645\u0646\u0629 (Safe High Ground)", "risk_color": "#00E676", "distance_to_stream_m": 60.6, "closest_stream_order": 2, "est_flood_depth_m": 0.0, "building_name": "\u0645\u0628\u0646\u0649 \u0633\u0643\u0646\u064a"}, "geometry": {"type": "Polygon", "coordinates": [[[44.01022, 13.58934], [44.0103, 13.58934], [44.0103, 13.58926], [44.01023, 13.58926], [44.01022, 13.58934]]]}}, {"type": "Feature", "properties": {"building_id": 644170510, "risk_level": "\u062a\u0623\u062b\u0631 \u0645\u062a\u0648\u0633\u0637 (Moderate Risk)", "risk_color": "#FFEA00", "distance_to_stream_m": 46.0, "closest_stream_order": 2, "est_flood_depth_m": 0.2, "building_name": "\u0645\u0628\u0646\u0649 \u0633\u0643\u0646\u064a"}, "geometry": {"type": "Polygon", "coordinates": [[[44.0104, 13.58938], [44.01049, 13.58938], [44.01049, 13.58928], [44.0104, 13.58928], [44.0104, 13.58938]]]}}, {"type": "Feature", "properties": {"building_id": 644170512, "risk_level": "\u0645\u0646\u0637\u0642\u0629 \u0622\u0645\u0646\u0629 (Safe High Ground)", "risk_color": "#00E676", "distance_to_stream_m": 93.7, "closest_stream_order": 3, "est_flood_depth_m": 0.0, "building_name": "\u0645\u0628\u0646\u0649 \u0633\u0643\u0646\u064a"}, "geometry": {"type": "Polygon", "coordinates": [[[44.00967, 13.58942], [44.00978, 13.58939], [44.00974, 13.58923], [44.00962, 13.58926], [44.00967, 13.58942]]]}}, {"type": "Feature", "properties": {"building_id": 647538843, "risk_level": "\u062a\u0623\u062b\u0631 \u0645\u062a\u0648\u0633\u0637 (Moderate Risk)", "risk_color": "#FFEA00", "distance_to_stream_m": 57.0, "closest_stream_order": 1, "est_flood_depth_m": 0.2, "building_name": "\u0645\u0628\u0646\u0649 \u0633\u0643\u0646\u064a"}, "geometry": {"type": "Polygon", "coordinates": [[[44.01159, 13.58947], [44.01171, 13.58949], [44.01173, 13.58941], [44.0116, 13.58939], [44.01159, 13.58947]]]}}, {"type": "Feature", "properties": {"building_id": 647538844, "risk_level": "\u0645\u0646\u0637\u0642\u0629 \u0622\u0645\u0646\u0629 (Safe High Ground)", "risk_color": "#00E676", "distance_to_stream_m": 81.5, "closest_stream_order": 1, "est_flood_depth_m": 0.0, "building_name": "\u0645\u0628\u0646\u0649 \u0633\u0643\u0646\u064a"}, "geometry": {"type": "Polygon", "coordinates": [[[44.01167, 13.58961], [44.01166, 13.58968], [44.0118, 13.58969], [44.01181, 13.58962], [44.01167, 13.58961]]]}}, {"type": "Feature", "properties": {"building_id": 647538845, "risk_level": "\u0645\u0646\u0637\u0642\u0629 \u0622\u0645\u0646\u0629 (Safe High Ground)", "risk_color": "#00E676", "distance_to_stream_m": 81.9, "closest_stream_order": 1, "est_flood_depth_m": 0.0, "building_name": "\u0645\u0628\u0646\u0649 \u0633\u0643\u0646\u064a"}, "geometry": {"type": "Polygon", "coordinates": [[[44.01163, 13.58976], [44.01178, 13.58978], [44.01179, 13.58971], [44.01164, 13.58969], [44.01163, 13.58976]]]}}, {"type": "Feature", "properties": {"building_id": 647538846, "risk_level": "\u0645\u0646\u0637\u0642\u0629 \u0622\u0645\u0646\u0629 (Safe High Ground)", "risk_color": "#00E676", "distance_to_stream_m": 69.9, "closest_stream_order": 1, "est_flood_depth_m": 0.0, "building_name": "\u0645\u0628\u0646\u0649 \u0633\u0643\u0646\u064a"}, "geometry": {"type": "Polygon", "coordinates": [[[44.01157, 13.58973], [44.01163, 13.58974], [44.01164, 13.58971], [44.01157, 13.5897], [44.01157, 13.58973]]]}}, {"type": "Feature", "properties": {"building_id": 647538847, "risk_level": "\u0645\u0646\u0637\u0642\u0629 \u0622\u0645\u0646\u0629 (Safe High Ground)", "risk_color": "#00E676", "distance_to_stream_m": 69.8, "closest_stream_order": 1, "est_flood_depth_m": 0.0, "building_name": "\u0645\u0628\u0646\u0649 \u0633\u0643\u0646\u064a"}, "geometry": {"type": "Polygon", "coordinates": [[[44.01157, 13.58976], [44.01163, 13.58976], [44.01163, 13.58974], [44.01157, 13.58973], [44.01157, 13.58976]]]}}, {"type": "Feature", "properties": {"building_id": 647538848, "risk_level": "\u0645\u0646\u0637\u0642\u0629 \u0622\u0645\u0646\u0629 (Safe High Ground)", "risk_color": "#00E676", "distance_to_stream_m": 98.3, "closest_stream_order": 1, "est_flood_depth_m": 0.0, "building_name": "\u0645\u0628\u0646\u0649 \u0633\u0643\u0646\u064a"}, "geometry": {"type": "Polygon", "coordinates": [[[44.01179, 13.58977], [44.01178, 13.58984], [44.01192, 13.58986], [44.01193, 13.58979], [44.01179, 13.58977]]]}}, {"type": "Feature", "properties": {"building_id": 647538849, "risk_level": "\u0645\u0646\u0637\u0642\u0629 \u0622\u0645\u0646\u0629 (Safe High Ground)", "risk_color": "#00E676", "distance_to_stream_m": 103.8, "closest_stream_order": 1, "est_flood_depth_m": 0.0, "building_name": "\u0645\u0628\u0646\u0649 \u0633\u0643\u0646\u064a"}, "geometry": {"type": "Polygon", "coordinates": [[[44.01177, 13.59004], [44.01182, 13.59014], [44.01193, 13.59009], [44.01188, 13.58999], [44.01177, 13.59004]]]}}, {"type": "Feature", "properties": {"building_id": 647538850, "risk_level": "\u0645\u0646\u0637\u0642\u0629 \u0622\u0645\u0646\u0629 (Safe High Ground)", "risk_color": "#00E676", "distance_to_stream_m": 63.5, "closest_stream_order": 4, "est_flood_depth_m": 0.0, "building_name": "\u0645\u0628\u0646\u0649 \u0633\u0643\u0646\u064a"}, "geometry": {"type": "Polygon", "coordinates": [[[44.01308, 13.58922], [44.01306, 13.58914], [44.01297, 13.58917], [44.01299, 13.58925], [44.01308, 13.58922]]]}}, {"type": "Feature", "properties": {"building_id": 647538851, "risk_level": "\u062a\u0623\u062b\u0631 \u0645\u062a\u0648\u0633\u0637 (Moderate Risk)", "risk_color": "#FFEA00", "distance_to_stream_m": 54.0, "closest_stream_order": 4, "est_flood_depth_m": 0.2, "building_name": "\u0645\u0628\u0646\u0649 \u0633\u0643\u0646\u064a"}, "geometry": {"type": "Polygon", "coordinates": [[[44.01307, 13.58913], [44.0131, 13.58921], [44.01318, 13.58918], [44.01315, 13.5891], [44.01307, 13.58913]]]}}, {"type": "Feature", "properties": {"building_id": 647538852, "risk_level": "\u0645\u0646\u0637\u0642\u0629 \u0622\u0645\u0646\u0629 (Safe High Ground)", "risk_color": "#00E676", "distance_to_stream_m": 82.3, "closest_stream_order": 1, "est_flood_depth_m": 0.0, "building_name": "\u0645\u0628\u0646\u0649 \u0633\u0643\u0646\u064a"}, "geometry": {"type": "Polygon", "coordinates": [[[44.01211, 13.58937], [44.01214, 13.58929], [44.01201, 13.58925], [44.01198, 13.58933], [44.01211, 13.58937]]]}}, {"type": "Feature", "properties": {"building_id": 647538853, "risk_level": "\u062a\u0623\u062b\u0631 \u0645\u062a\u0648\u0633\u0637 (Moderate Risk)", "risk_color": "#FFEA00", "distance_to_stream_m": 40.1, "closest_stream_order": 4, "est_flood_depth_m": 0.2, "building_name": "\u0645\u0628\u0646\u0649 \u0633\u0643\u0646\u064a"}, "geometry": {"type": "Polygon", "coordinates": [[[44.01341, 13.58885], [44.01334, 13.5889], [44.01342, 13.589], [44.01349, 13.58895], [44.01341, 13.58885]]]}}, {"type": "Feature", "properties": {"building_id": 647538854, "risk_level": "\u0645\u0646\u0637\u0642\u0629 \u0622\u0645\u0646\u0629 (Safe High Ground)", "risk_color": "#00E676", "distance_to_stream_m": 87.2, "closest_stream_order": 1, "est_flood_depth_m": 0.0, "building_name": "\u0645\u0628\u0646\u0649 \u0633\u0643\u0646\u064a"}, "geometry": {"type": "Polygon", "coordinates": [[[44.01245, 13.58851], [44.01253, 13.5885], [44.01252, 13.58839], [44.01243, 13.5884], [44.01245, 13.58851]]]}}, {"type": "Feature", "properties": {"building_id": 647538855, "risk_level": "\u0645\u0646\u0637\u0642\u0629 \u0622\u0645\u0646\u0629 (Safe High Ground)", "risk_color": "#00E676", "distance_to_stream_m": 61.0, "closest_stream_order": 1, "est_flood_depth_m": 0.0, "building_name": "\u0645\u0628\u0646\u0649 \u0633\u0643\u0646\u064a"}, "geometry": {"type": "Polygon", "coordinates": [[[44.01249, 13.58807], [44.01255, 13.58808], [44.01256, 13.58803], [44.01251, 13.58801], [44.01249, 13.58807]]]}}, {"type": "Feature", "properties": {"building_id": 647538856, "risk_level": "\u062a\u0623\u062b\u0631 \u0645\u062a\u0648\u0633\u0637 (Moderate Risk)", "risk_color": "#FFEA00", "distance_to_stream_m": 55.9, "closest_stream_order": 1, "est_flood_depth_m": 0.2, "building_name": "\u0645\u0628\u0646\u0649 \u0633\u0643\u0646\u064a"}, "geometry": {"type": "Polygon", "coordinates": [[[44.01253, 13.58794], [44.0125, 13.58799], [44.0126, 13.58803], [44.01262, 13.58798], [44.01253, 13.58794]]]}}, {"type": "Feature", "properties": {"building_id": 647538857, "risk_level": "\u0645\u0646\u0637\u0642\u0629 \u0622\u0645\u0646\u0629 (Safe High Ground)", "risk_color": "#00E676", "distance_to_stream_m": 64.4, "closest_stream_order": 1, "est_flood_depth_m": 0.0, "building_name": "\u0645\u0628\u0646\u0649 \u0633\u0643\u0646\u064a"}, "geometry": {"type": "Polygon", "coordinates": [[[44.01249, 13.58809], [44.01249, 13.58818], [44.01256, 13.58818], [44.01255, 13.58808], [44.01249, 13.58809]]]}}, {"type": "Feature", "properties": {"building_id": 647538858, "risk_level": "\u062a\u0623\u062b\u0631 \u0645\u062a\u0648\u0633\u0637 (Moderate Risk)", "risk_color": "#FFEA00", "distance_to_stream_m": 53.8, "closest_stream_order": 1, "est_flood_depth_m": 0.2, "building_name": "\u0645\u0628\u0646\u0649 \u0633\u0643\u0646\u064a"}, "geometry": {"type": "Polygon", "coordinates": [[[44.01255, 13.58808], [44.01258, 13.58814], [44.01266, 13.58809], [44.01263, 13.58804], [44.01255, 13.58808]]]}}, {"type": "Feature", "properties": {"building_id": 647538859, "risk_level": "\u062a\u0623\u062b\u0631 \u0645\u062a\u0648\u0633\u0637 (Moderate Risk)", "risk_color": "#FFEA00", "distance_to_stream_m": 31.3, "closest_stream_order": 1, "est_flood_depth_m": 0.2, "building_name": "\u0645\u0628\u0646\u0649 \u0633\u0643\u0646\u064a"}, "geometry": {"type": "Polygon", "coordinates": [[[44.01282, 13.58794], [44.01275, 13.58798], [44.01271, 13.588], [44.01277, 13.58809], [44.01288, 13.58802], [44.01282, 13.58794]]]}}, {"type": "Feature", "properties": {"building_id": 647538860, "risk_level": "\u0645\u0647\u062f\u062f \u0628\u0627\u0644\u063a\u0645\u0631 (High Risk)", "risk_color": "#FF9100", "distance_to_stream_m": 8.1, "closest_stream_order": 1, "est_flood_depth_m": 0.5, "building_name": "\u0645\u0628\u0646\u0649 \u0633\u0643\u0646\u064a"}, "geometry": {"type": "Polygon", "coordinates": [[[44.01303, 13.58803], [44.0132, 13.58802], [44.0132, 13.58796], [44.01303, 13.58796], [44.01303, 13.58803]]]}}, {"type": "Feature", "properties": {"building_id": 647538861, "risk_level": "\u0645\u0647\u062f\u062f \u0628\u0627\u0644\u063a\u0645\u0631 (High Risk)", "risk_color": "#FF9100", "distance_to_stream_m": 16.8, "closest_stream_order": 1, "est_flood_depth_m": 0.5, "building_name": "\u0645\u0628\u0646\u0649 \u0633\u0643\u0646\u064a"}, "geometry": {"type": "Polygon", "coordinates": [[[44.01303, 13.58803], [44.01304, 13.58812], [44.0132, 13.58811], [44.0132, 13.58802], [44.01303, 13.58803]]]}}, {"type": "Feature", "properties": {"building_id": 647538862, "risk_level": "\u062a\u0623\u062b\u0631 \u0645\u062a\u0648\u0633\u0637 (Moderate Risk)", "risk_color": "#FFEA00", "distance_to_stream_m": 35.6, "closest_stream_order": 1, "est_flood_depth_m": 0.2, "building_name": "\u0645\u0628\u0646\u0649 \u0633\u0643\u0646\u064a"}, "geometry": {"type": "Polygon", "coordinates": [[[44.01309, 13.58828], [44.01318, 13.58826], [44.01317, 13.5882], [44.01308, 13.58822], [44.01309, 13.58828]]]}}, {"type": "Feature", "properties": {"building_id": 647538863, "risk_level": "\u062a\u0623\u062b\u0631 \u0645\u062a\u0648\u0633\u0637 (Moderate Risk)", "risk_color": "#FFEA00", "distance_to_stream_m": 54.2, "closest_stream_order": 2, "est_flood_depth_m": 0.2, "building_name": "\u0645\u0628\u0646\u0649 \u0633\u0643\u0646\u064a"}, "geometry": {"type": "Polygon", "coordinates": [[[44.01304, 13.58845], [44.01308, 13.5885], [44.0132, 13.58841], [44.01316, 13.58836], [44.01304, 13.58845]]]}}, {"type": "Feature", "properties": {"building_id": 647538864, "risk_level": "\u062a\u0623\u062b\u0631 \u0645\u062a\u0648\u0633\u0637 (Moderate Risk)", "risk_color": "#FFEA00", "distance_to_stream_m": 46.5, "closest_stream_order": 1, "est_flood_depth_m": 0.2, "building_name": "\u0645\u0628\u0646\u0649 \u0633\u0643\u0646\u064a"}, "geometry": {"type": "Polygon", "coordinates": [[[44.01292, 13.58832], [44.013, 13.58843], [44.01311, 13.58835], [44.01303, 13.58824], [44.01292, 13.58832]]]}}, {"type": "Feature", "properties": {"building_id": 647538865, "risk_level": "\u062a\u0623\u062b\u0631 \u0645\u062a\u0648\u0633\u0637 (Moderate Risk)", "risk_color": "#FFEA00", "distance_to_stream_m": 37.7, "closest_stream_order": 1, "est_flood_depth_m": 0.2, "building_name": "\u0645\u0628\u0646\u0649 \u0633\u0643\u0646\u064a"}, "geometry": {"type": "Polygon", "coordinates": [[[44.01286, 13.58824], [44.0129, 13.5883], [44.01301, 13.58823], [44.01296, 13.58817], [44.01286, 13.58824]]]}}, {"type": "Feature", "properties": {"building_id": 647538866, "risk_level": "\u062a\u0623\u062b\u0631 \u0645\u062a\u0648\u0633\u0637 (Moderate Risk)", "risk_color": "#FFEA00", "distance_to_stream_m": 33.2, "closest_stream_order": 1, "est_flood_depth_m": 0.2, "building_name": "\u0645\u0628\u0646\u0649 \u0633\u0643\u0646\u064a"}, "geometry": {"type": "Polygon", "coordinates": [[[44.0128, 13.58814], [44.01286, 13.58824], [44.01296, 13.58817], [44.0129, 13.58808], [44.0128, 13.58814]]]}}, {"type": "Feature", "properties": {"building_id": 647538867, "risk_level": "\u0645\u0646\u0637\u0642\u0629 \u0622\u0645\u0646\u0629 (Safe High Ground)", "risk_color": "#00E676", "distance_to_stream_m": 89.6, "closest_stream_order": 1, "est_flood_depth_m": 0.0, "building_name": "\u0645\u0628\u0646\u0649 \u0633\u0643\u0646\u064a"}, "geometry": {"type": "Polygon", "coordinates": [[[44.01202, 13.58835], [44.01213, 13.58834], [44.01212, 13.58822], [44.01201, 13.58824], [44.01202, 13.58835]]]}}, {"type": "Feature", "properties": {"building_id": 647538868, "risk_level": "\u0645\u0646\u0637\u0642\u0629 \u0622\u0645\u0646\u0629 (Safe High Ground)", "risk_color": "#00E676", "distance_to_stream_m": 61.0, "closest_stream_order": 1, "est_flood_depth_m": 0.0, "building_name": "\u0645\u0628\u0646\u0649 \u0633\u0643\u0646\u064a"}, "geometry": {"type": "Polygon", "coordinates": [[[44.01275, 13.58845], [44.01284, 13.58842], [44.0128, 13.58832], [44.01271, 13.58836], [44.01275, 13.58845]]]}}, {"type": "Feature", "properties": {"building_id": 647538869, "risk_level": "\u0645\u0646\u0637\u0642\u0629 \u0622\u0645\u0646\u0629 (Safe High Ground)", "risk_color": "#00E676", "distance_to_stream_m": 82.0, "closest_stream_order": 1, "est_flood_depth_m": 0.0, "building_name": "\u0645\u0628\u0646\u0649 \u0633\u0643\u0646\u064a"}, "geometry": {"type": "Polygon", "coordinates": [[[44.01242, 13.58838], [44.01249, 13.58837], [44.01248, 13.58829], [44.01241, 13.5883], [44.01242, 13.58838]]]}}, {"type": "Feature", "properties": {"building_id": 647538870, "risk_level": "\u0645\u0646\u0637\u0642\u0629 \u0622\u0645\u0646\u0629 (Safe High Ground)", "risk_color": "#00E676", "distance_to_stream_m": 89.7, "closest_stream_order": 1, "est_flood_depth_m": 0.0, "building_name": "\u0645\u0628\u0646\u0649 \u0633\u0643\u0646\u064a"}, "geometry": {"type": "Polygon", "coordinates": [[[44.01233, 13.58787], [44.01227, 13.58775], [44.01219, 13.58779], [44.01225, 13.58791], [44.01233, 13.58787]]]}}, {"type": "Feature", "properties": {"building_id": 647538871, "risk_level": "\u0645\u0646\u0637\u0642\u0629 \u0622\u0645\u0646\u0629 (Safe High Ground)", "risk_color": "#00E676", "distance_to_stream_m": 77.6, "closest_stream_order": 1, "est_flood_depth_m": 0.0, "building_name": "\u0645\u0628\u0646\u0649 \u0633\u0643\u0646\u064a"}, "geometry": {"type": "Polygon", "coordinates": [[[44.01161, 13.58735], [44.01169, 13.58743], [44.01175, 13.58739], [44.01167, 13.5873], [44.01161, 13.58735]]]}}, {"type": "Feature", "properties": {"building_id": 647538872, "risk_level": "\u0645\u0646\u0637\u0642\u0629 \u0622\u0645\u0646\u0629 (Safe High Ground)", "risk_color": "#00E676", "distance_to_stream_m": 69.3, "closest_stream_order": 1, "est_flood_depth_m": 0.0, "building_name": "\u0645\u0628\u0646\u0649 \u0633\u0643\u0646\u064a"}, "geometry": {"type": "Polygon", "coordinates": [[[44.01163, 13.58754], [44.01169, 13.58748], [44.01162, 13.5874], [44.01161, 13.58749], [44.01163, 13.58754]]]}}, {"type": "Feature", "properties": {"building_id": 647538873, "risk_level": "\u0645\u0646\u0637\u0642\u0629 \u0622\u0645\u0646\u0629 (Safe High Ground)", "risk_color": "#00E676", "distance_to_stream_m": 63.0, "closest_stream_order": 1, "est_flood_depth_m": 0.0, "building_name": "\u0645\u0628\u0646\u0649 \u0633\u0643\u0646\u064a"}, "geometry": {"type": "Polygon", "coordinates": [[[44.01176, 13.58733], [44.01182, 13.58723], [44.01175, 13.58717], [44.01167, 13.58726], [44.01176, 13.58733]]]}}, {"type": "Feature", "properties": {"building_id": 647538874, "risk_level": "\u0645\u0646\u0637\u0642\u0629 \u0622\u0645\u0646\u0629 (Safe High Ground)", "risk_color": "#00E676", "distance_to_stream_m": 101.3, "closest_stream_order": 1, "est_flood_depth_m": 0.0, "building_name": "\u0645\u0628\u0646\u0649 \u0633\u0643\u0646\u064a"}, "geometry": {"type": "Polygon", "coordinates": [[[44.01196, 13.58793], [44.01207, 13.58792], [44.01206, 13.58785], [44.01195, 13.58786], [44.01196, 13.58793]]]}}, {"type": "Feature", "properties": {"building_id": 647538875, "risk_level": "\u0645\u0646\u0637\u0642\u0629 \u0622\u0645\u0646\u0629 (Safe High Ground)", "risk_color": "#00E676", "distance_to_stream_m": 100.6, "closest_stream_order": 1, "est_flood_depth_m": 0.0, "building_name": "\u0645\u0628\u0646\u0649 \u0633\u0643\u0646\u064a"}, "geometry": {"type": "Polygon", "coordinates": [[[44.01197, 13.588], [44.01208, 13.58799], [44.01207, 13.58792], [44.01196, 13.58793], [44.01197, 13.588]]]}}, {"type": "Feature", "properties": {"building_id": 647538876, "risk_level": "\u0645\u0646\u0637\u0642\u0629 \u0622\u0645\u0646\u0629 (Safe High Ground)", "risk_color": "#00E676", "distance_to_stream_m": 98.4, "closest_stream_order": 1, "est_flood_depth_m": 0.0, "building_name": "\u0645\u0628\u0646\u0649 \u0633\u0643\u0646\u064a"}, "geometry": {"type": "Polygon", "coordinates": [[[44.01197, 13.588], [44.01198, 13.58807], [44.01208, 13.58806], [44.01208, 13.58799], [44.01197, 13.588]]]}}, {"type": "Feature", "properties": {"building_id": 647538877, "risk_level": "\u0645\u0646\u0637\u0642\u0629 \u0622\u0645\u0646\u0629 (Safe High Ground)", "risk_color": "#00E676", "distance_to_stream_m": 97.2, "closest_stream_order": 1, "est_flood_depth_m": 0.0, "building_name": "\u0645\u0628\u0646\u0649 \u0633\u0643\u0646\u064a"}, "geometry": {"type": "Polygon", "coordinates": [[[44.0119, 13.58775], [44.01201, 13.58772], [44.01198, 13.58764], [44.01188, 13.58768], [44.0119, 13.58775]]]}}, {"type": "Feature", "properties": {"building_id": 647538878, "risk_level": "\u0645\u0646\u0637\u0642\u0629 \u0622\u0645\u0646\u0629 (Safe High Ground)", "risk_color": "#00E676", "distance_to_stream_m": 98.2, "closest_stream_order": 1, "est_flood_depth_m": 0.0, "building_name": "\u0645\u0628\u0646\u0649 \u0633\u0643\u0646\u064a"}, "geometry": {"type": "Polygon", "coordinates": [[[44.01192, 13.58784], [44.01201, 13.58783], [44.012, 13.58775], [44.0119, 13.58777], [44.01192, 13.58784]]]}}, {"type": "Feature", "properties": {"building_id": 647538879, "risk_level": "\u0645\u0646\u0637\u0642\u0629 \u0622\u0645\u0646\u0629 (Safe High Ground)", "risk_color": "#00E676", "distance_to_stream_m": 85.5, "closest_stream_order": 1, "est_flood_depth_m": 0.0, "building_name": "\u0645\u0628\u0646\u0649 \u0633\u0643\u0646\u064a"}, "geometry": {"type": "Polygon", "coordinates": [[[44.01213, 13.58776], [44.01222, 13.58771], [44.01218, 13.58765], [44.01209, 13.5877], [44.01213, 13.58776]]]}}, {"type": "Feature", "properties": {"building_id": 647538880, "risk_level": "\u0645\u0646\u0637\u0642\u0629 \u0622\u0645\u0646\u0629 (Safe High Ground)", "risk_color": "#00E676", "distance_to_stream_m": 78.8, "closest_stream_order": 1, "est_flood_depth_m": 0.0, "building_name": "\u0645\u0628\u0646\u0649 \u0633\u0643\u0646\u064a"}, "geometry": {"type": "Polygon", "coordinates": [[[44.01174, 13.58749], [44.01168, 13.58758], [44.01177, 13.58763], [44.01183, 13.58755], [44.01174, 13.58749]]]}}, {"type": "Feature", "properties": {"building_id": 647538881, "risk_level": "\u0645\u0646\u0637\u0642\u0629 \u0622\u0645\u0646\u0629 (Safe High Ground)", "risk_color": "#00E676", "distance_to_stream_m": 77.5, "closest_stream_order": 1, "est_flood_depth_m": 0.0, "building_name": "\u0645\u0628\u0646\u0649 \u0633\u0643\u0646\u064a"}, "geometry": {"type": "Polygon", "coordinates": [[[44.01188, 13.5875], [44.01194, 13.58754], [44.01198, 13.58748], [44.01191, 13.58744], [44.01188, 13.5875]]]}}, {"type": "Feature", "properties": {"building_id": 647538882, "risk_level": "\u0645\u0646\u0637\u0642\u0629 \u0622\u0645\u0646\u0629 (Safe High Ground)", "risk_color": "#00E676", "distance_to_stream_m": 77.9, "closest_stream_order": 1, "est_flood_depth_m": 0.0, "building_name": "\u0645\u0628\u0646\u0649 \u0633\u0643\u0646\u064a"}, "geometry": {"type": "Polygon", "coordinates": [[[44.01206, 13.58751], [44.01199, 13.58747], [44.01195, 13.58754], [44.01202, 13.58758], [44.01206, 13.58751]]]}}, {"type": "Feature", "properties": {"building_id": 647538883, "risk_level": "\u0645\u0646\u0637\u0642\u0629 \u0622\u0645\u0646\u0629 (Safe High Ground)", "risk_color": "#00E676", "distance_to_stream_m": 76.9, "closest_stream_order": 1, "est_flood_depth_m": 0.0, "building_name": "\u0645\u0628\u0646\u0649 \u0633\u0643\u0646\u064a"}, "geometry": {"type": "Polygon", "coordinates": [[[44.01202, 13.58758], [44.01208, 13.58761], [44.01212, 13.58754], [44.01206, 13.58751], [44.01202, 13.58758]]]}}, {"type": "Feature", "properties": {"building_id": 647538884, "risk_level": "\u062a\u0623\u062b\u0631 \u0645\u062a\u0648\u0633\u0637 (Moderate Risk)", "risk_color": "#FFEA00", "distance_to_stream_m": 52.7, "closest_stream_order": 1, "est_flood_depth_m": 0.2, "building_name": "\u0645\u0628\u0646\u0649 \u0633\u0643\u0646\u064a"}, "geometry": {"type": "Polygon", "coordinates": [[[44.01211, 13.58734], [44.01218, 13.58743], [44.01225, 13.58738], [44.01217, 13.58729], [44.01211, 13.58734]]]}}, {"type": "Feature", "properties": {"building_id": 647538885, "risk_level": "\u0645\u0646\u0637\u0642\u0629 \u0622\u0645\u0646\u0629 (Safe High Ground)", "risk_color": "#00E676", "distance_to_stream_m": 65.9, "closest_stream_order": 1, "est_flood_depth_m": 0.0, "building_name": "\u0645\u0628\u0646\u0649 \u0633\u0643\u0646\u064a"}, "geometry": {"type": "Polygon", "coordinates": [[[44.01213, 13.58752], [44.01221, 13.5876], [44.01228, 13.58754], [44.01221, 13.58746], [44.01213, 13.58752]]]}}, {"type": "Feature", "properties": {"building_id": 647538886, "risk_level": "\u062a\u0623\u062b\u0631 \u0645\u062a\u0648\u0633\u0637 (Moderate Risk)", "risk_color": "#FFEA00", "distance_to_stream_m": 51.3, "closest_stream_order": 1, "est_flood_depth_m": 0.2, "building_name": "\u0645\u0628\u0646\u0649 \u0633\u0643\u0646\u064a"}, "geometry": {"type": "Polygon", "coordinates": [[[44.01226, 13.58748], [44.01238, 13.58757], [44.01246, 13.58747], [44.01235, 13.58738], [44.01226, 13.58748]]]}}, {"type": "Feature", "properties": {"building_id": 647538887, "risk_level": "\u0645\u0646\u0637\u0642\u0629 \u0622\u0645\u0646\u0629 (Safe High Ground)", "risk_color": "#00E676", "distance_to_stream_m": 65.9, "closest_stream_order": 1, "est_flood_depth_m": 0.0, "building_name": "\u0645\u0628\u0646\u0649 \u0633\u0643\u0646\u064a"}, "geometry": {"type": "Polygon", "coordinates": [[[44.01225, 13.58758], [44.01229, 13.58766], [44.01237, 13.58763], [44.01233, 13.58754], [44.01225, 13.58758]]]}}, {"type": "Feature", "properties": {"building_id": 647538888, "risk_level": "\u0645\u0646\u0637\u0642\u0629 \u0622\u0645\u0646\u0629 (Safe High Ground)", "risk_color": "#00E676", "distance_to_stream_m": 73.6, "closest_stream_order": 1, "est_flood_depth_m": 0.0, "building_name": "\u0645\u0628\u0646\u0649 \u0633\u0643\u0646\u064a"}, "geometry": {"type": "Polygon", "coordinates": [[[44.01231, 13.58769], [44.01236, 13.58778], [44.01243, 13.58774], [44.01238, 13.58765], [44.01231, 13.58769]]]}}, {"type": "Feature", "properties": {"building_id": 647538889, "risk_level": "\u062a\u0623\u062b\u0631 \u0645\u062a\u0648\u0633\u0637 (Moderate Risk)", "risk_color": "#FFEA00", "distance_to_stream_m": 54.2, "closest_stream_order": 1, "est_flood_depth_m": 0.2, "building_name": "\u0645\u0628\u0646\u0649 \u0633\u0643\u0646\u064a"}, "geometry": {"type": "Polygon", "coordinates": [[[44.01241, 13.58761], [44.01247, 13.58763], [44.01252, 13.58752], [44.01246, 13.58749], [44.01241, 13.58761]]]}}, {"type": "Feature", "properties": {"building_id": 647538890, "risk_level": "\u062a\u0623\u062b\u0631 \u0645\u062a\u0648\u0633\u0637 (Moderate Risk)", "risk_color": "#FFEA00", "distance_to_stream_m": 39.6, "closest_stream_order": 1, "est_flood_depth_m": 0.2, "building_name": "\u0645\u0628\u0646\u0649 \u0633\u0643\u0646\u064a"}, "geometry": {"type": "Polygon", "coordinates": [[[44.01243, 13.58741], [44.01254, 13.58752], [44.01259, 13.58746], [44.01258, 13.58746], [44.01248, 13.58736], [44.01243, 13.58741]]]}}, {"type": "Feature", "properties": {"building_id": 647538891, "risk_level": "\u0645\u0647\u062f\u062f \u0628\u0627\u0644\u063a\u0645\u0631 (High Risk)", "risk_color": "#FF9100", "distance_to_stream_m": 10.5, "closest_stream_order": 1, "est_flood_depth_m": 0.5, "building_name": "\u0645\u0628\u0646\u0649 \u0633\u0643\u0646\u064a"}, "geometry": {"type": "Polygon", "coordinates": [[[44.01251, 13.58704], [44.01245, 13.58718], [44.01254, 13.58721], [44.0126, 13.58708], [44.01251, 13.58704]]]}}, {"type": "Feature", "properties": {"building_id": 647538892, "risk_level": "\u062a\u0623\u062b\u0631 \u0645\u062a\u0648\u0633\u0637 (Moderate Risk)", "risk_color": "#FFEA00", "distance_to_stream_m": 31.5, "closest_stream_order": 1, "est_flood_depth_m": 0.2, "building_name": "\u0645\u0628\u0646\u0649 \u0633\u0643\u0646\u064a"}, "geometry": {"type": "Polygon", "coordinates": [[[44.01231, 13.58726], [44.01242, 13.58733], [44.01245, 13.58728], [44.01234, 13.58721], [44.01231, 13.58726]]]}}, {"type": "Feature", "properties": {"building_id": 647538893, "risk_level": "\u0645\u0647\u062f\u062f \u0628\u0627\u0644\u063a\u0645\u0631 (High Risk)", "risk_color": "#FF9100", "distance_to_stream_m": 29.1, "closest_stream_order": 1, "est_flood_depth_m": 0.5, "building_name": "\u0645\u0628\u0646\u0649 \u0633\u0643\u0646\u064a"}, "geometry": {"type": "Polygon", "coordinates": [[[44.0126, 13.5874], [44.01267, 13.58744], [44.01274, 13.58733], [44.01267, 13.58729], [44.0126, 13.5874]]]}}, {"type": "Feature", "properties": {"building_id": 647538894, "risk_level": "\u062a\u0623\u062b\u0631 \u0645\u062a\u0648\u0633\u0637 (Moderate Risk)", "risk_color": "#FFEA00", "distance_to_stream_m": 43.8, "closest_stream_order": 2, "est_flood_depth_m": 0.2, "building_name": "\u0645\u0628\u0646\u0649 \u0633\u0643\u0646\u064a"}, "geometry": {"type": "Polygon", "coordinates": [[[44.01265, 13.58759], [44.01269, 13.5875], [44.01258, 13.58746], [44.01254, 13.58755], [44.01265, 13.58759]]]}}, {"type": "Feature", "properties": {"building_id": 647538895, "risk_level": "\u062a\u0623\u062b\u0631 \u0645\u062a\u0648\u0633\u0637 (Moderate Risk)", "risk_color": "#FFEA00", "distance_to_stream_m": 34.0, "closest_stream_order": 1, "est_flood_depth_m": 0.2, "building_name": "\u0645\u0628\u0646\u0649 \u0633\u0643\u0646\u064a"}, "geometry": {"type": "Polygon", "coordinates": [[[44.01267, 13.58794], [44.01275, 13.58798], [44.01284, 13.58785], [44.01277, 13.5878], [44.01267, 13.58794]]]}}, {"type": "Feature", "properties": {"building_id": 647538896, "risk_level": "\u062a\u0623\u062b\u0631 \u0645\u062a\u0648\u0633\u0637 (Moderate Risk)", "risk_color": "#FFEA00", "distance_to_stream_m": 34.8, "closest_stream_order": 1, "est_flood_depth_m": 0.2, "building_name": "\u0645\u0628\u0646\u0649 \u0633\u0643\u0646\u064a"}, "geometry": {"type": "Polygon", "coordinates": [[[44.01274, 13.58773], [44.01284, 13.58779], [44.01288, 13.58774], [44.01277, 13.58768], [44.01274, 13.58773]]]}}, {"type": "Feature", "properties": {"building_id": 647538897, "risk_level": "\u0645\u0647\u062f\u062f \u0628\u0627\u0644\u063a\u0645\u0631 (High Risk)", "risk_color": "#FF9100", "distance_to_stream_m": 24.0, "closest_stream_order": 2, "est_flood_depth_m": 0.5, "building_name": "\u0645\u0628\u0646\u0649 \u0633\u0643\u0646\u064a"}, "geometry": {"type": "Polygon", "coordinates": [[[44.01295, 13.58773], [44.01304, 13.58768], [44.01299, 13.58758], [44.0129, 13.58762], [44.01295, 13.58773]]]}}, {"type": "Feature", "properties": {"building_id": 647538898, "risk_level": "\u0645\u0646\u0637\u0642\u0629 \u0622\u0645\u0646\u0629 (Safe High Ground)", "risk_color": "#00E676", "distance_to_stream_m": 63.1, "closest_stream_order": 2, "est_flood_depth_m": 0.0, "building_name": "\u0645\u0628\u0646\u0649 \u0633\u0643\u0646\u064a"}, "geometry": {"type": "Polygon", "coordinates": [[[44.01247, 13.58762], [44.01244, 13.5877], [44.01256, 13.58775], [44.01259, 13.58767], [44.01247, 13.58762]]]}}, {"type": "Feature", "properties": {"building_id": 647538899, "risk_level": "\u062a\u0623\u062b\u0631 \u0645\u062a\u0648\u0633\u0637 (Moderate Risk)", "risk_color": "#FFEA00", "distance_to_stream_m": 54.0, "closest_stream_order": 2, "est_flood_depth_m": 0.2, "building_name": "\u0645\u0628\u0646\u0649 \u0633\u0643\u0646\u064a"}, "geometry": {"type": "Polygon", "coordinates": [[[44.01249, 13.58763], [44.01259, 13.58767], [44.01261, 13.58768], [44.01264, 13.58761], [44.01253, 13.58756], [44.01249, 13.58763]]]}}, {"type": "Feature", "properties": {"building_id": 647538900, "risk_level": "\u062a\u0623\u062b\u0631 \u0645\u062a\u0648\u0633\u0637 (Moderate Risk)", "risk_color": "#FFEA00", "distance_to_stream_m": 45.0, "closest_stream_order": 1, "est_flood_depth_m": 0.2, "building_name": "\u0645\u0628\u0646\u0649 \u0633\u0643\u0646\u064a"}, "geometry": {"type": "Polygon", "coordinates": [[[44.01261, 13.58776], [44.01272, 13.58783], [44.01276, 13.58778], [44.01265, 13.58771], [44.01261, 13.58776]]]}}, {"type": "Feature", "properties": {"building_id": 647538901, "risk_level": "\u062a\u0623\u062b\u0631 \u0645\u062a\u0648\u0633\u0637 (Moderate Risk)", "risk_color": "#FFEA00", "distance_to_stream_m": 49.3, "closest_stream_order": 1, "est_flood_depth_m": 0.2, "building_name": "\u0645\u0628\u0646\u0649 \u0633\u0643\u0646\u064a"}, "geometry": {"type": "Polygon", "coordinates": [[[44.01255, 13.58784], [44.01265, 13.5879], [44.0127, 13.58784], [44.0126, 13.58777], [44.01255, 13.58784]]]}}, {"type": "Feature", "properties": {"building_id": 647538902, "risk_level": "\u0645\u0647\u062f\u062f \u0628\u0627\u0644\u063a\u0645\u0631 (High Risk)", "risk_color": "#FF9100", "distance_to_stream_m": 19.1, "closest_stream_order": 1, "est_flood_depth_m": 0.5, "building_name": "\u0645\u0628\u0646\u0649 \u0633\u0643\u0646\u064a"}, "geometry": {"type": "Polygon", "coordinates": [[[44.01289, 13.588], [44.01295, 13.58798], [44.01289, 13.58785], [44.01283, 13.58788], [44.01289, 13.588]]]}}, {"type": "Feature", "properties": {"building_id": 647538903, "risk_level": "\u062a\u0623\u062b\u0631 \u0645\u062a\u0648\u0633\u0637 (Moderate Risk)", "risk_color": "#FFEA00", "distance_to_stream_m": 45.8, "closest_stream_order": 2, "est_flood_depth_m": 0.2, "building_name": "\u0645\u0628\u0646\u0649 \u0633\u0643\u0646\u064a"}, "geometry": {"type": "Polygon", "coordinates": [[[44.01265, 13.58767], [44.01273, 13.58772], [44.01276, 13.58766], [44.01269, 13.58762], [44.01265, 13.58767]]]}}, {"type": "Feature", "properties": {"building_id": 647538904, "risk_level": "\u0645\u0647\u062f\u062f \u0628\u0627\u0644\u063a\u0645\u0631 (High Risk)", "risk_color": "#FF9100", "distance_to_stream_m": 8.7, "closest_stream_order": 1, "est_flood_depth_m": 0.5, "building_name": "\u0645\u0628\u0646\u0649 \u0633\u0643\u0646\u064a"}, "geometry": {"type": "Polygon", "coordinates": [[[44.01266, 13.58708], [44.01263, 13.58718], [44.01274, 13.58721], [44.01277, 13.58711], [44.01266, 13.58708]]]}}, {"type": "Feature", "properties": {"building_id": 647538905, "risk_level": "\u0645\u0647\u062f\u062f \u0628\u0627\u0644\u063a\u0645\u0631 (High Risk)", "risk_color": "#FF9100", "distance_to_stream_m": 6.6, "closest_stream_order": 1, "est_flood_depth_m": 0.5, "building_name": "\u0645\u0628\u0646\u0649 \u0633\u0643\u0646\u064a"}, "geometry": {"type": "Polygon", "coordinates": [[[44.01284, 13.58714], [44.0128, 13.58721], [44.01296, 13.58729], [44.013, 13.58722], [44.01284, 13.58714]]]}}, {"type": "Feature", "properties": {"building_id": 647538906, "risk_level": "\u0645\u0647\u062f\u062f \u0628\u0627\u0644\u063a\u0645\u0631 (High Risk)", "risk_color": "#FF9100", "distance_to_stream_m": 5.6, "closest_stream_order": 2, "est_flood_depth_m": 0.5, "building_name": "\u0645\u0628\u0646\u0649 \u0633\u0643\u0646\u064a"}, "geometry": {"type": "Polygon", "coordinates": [[[44.01298, 13.58734], [44.01305, 13.5874], [44.01311, 13.58733], [44.01304, 13.58728], [44.01298, 13.58734]]]}}, {"type": "Feature", "properties": {"building_id": 647538907, "risk_level": "\u0645\u0647\u062f\u062f \u0628\u0627\u0644\u063a\u0645\u0631 (High Risk)", "risk_color": "#FF9100", "distance_to_stream_m": 9.7, "closest_stream_order": 2, "est_flood_depth_m": 0.5, "building_name": "\u0645\u0628\u0646\u0649 \u0633\u0643\u0646\u064a"}, "geometry": {"type": "Polygon", "coordinates": [[[44.01309, 13.5874], [44.01315, 13.58748], [44.01322, 13.58742], [44.01315, 13.58734], [44.01309, 13.5874]]]}}, {"type": "Feature", "properties": {"building_id": 647538908, "risk_level": "\u0645\u0647\u062f\u062f \u0628\u0627\u0644\u063a\u0645\u0631 (High Risk)", "risk_color": "#FF9100", "distance_to_stream_m": 11.5, "closest_stream_order": 2, "est_flood_depth_m": 0.5, "building_name": "\u0645\u0628\u0646\u0649 \u0633\u0643\u0646\u064a"}, "geometry": {"type": "Polygon", "coordinates": [[[44.01275, 13.58742], [44.01296, 13.58755], [44.01305, 13.58742], [44.01283, 13.58729], [44.01275, 13.58742]]]}}, {"type": "Feature", "properties": {"building_id": 647538909, "risk_level": "\u0645\u0647\u062f\u062f \u0628\u0627\u0644\u063a\u0645\u0631 (High Risk)", "risk_color": "#FF9100", "distance_to_stream_m": 11.1, "closest_stream_order": 2, "est_flood_depth_m": 0.5, "building_name": "\u0645\u0628\u0646\u0649 \u0633\u0643\u0646\u064a"}, "geometry": {"type": "Polygon", "coordinates": [[[44.01306, 13.58777], [44.01324, 13.58777], [44.01324, 13.5877], [44.01306, 13.5877], [44.01306, 13.58777]]]}}, {"type": "Feature", "properties": {"building_id": 647538910, "risk_level": "\u0645\u0647\u062f\u062f \u0628\u0627\u0644\u063a\u0645\u0631 (High Risk)", "risk_color": "#FF9100", "distance_to_stream_m": 8.4, "closest_stream_order": 2, "est_flood_depth_m": 0.5, "building_name": "\u0645\u0628\u0646\u0649 \u0633\u0643\u0646\u064a"}, "geometry": {"type": "Polygon", "coordinates": [[[44.01307, 13.58761], [44.01308, 13.58768], [44.01323, 13.58766], [44.01322, 13.58759], [44.01307, 13.58761]]]}}, {"type": "Feature", "properties": {"building_id": 647538911, "risk_level": "\u0645\u0647\u062f\u062f \u0628\u0627\u0644\u063a\u0645\u0631 (High Risk)", "risk_color": "#FF9100", "distance_to_stream_m": 8.7, "closest_stream_order": 1, "est_flood_depth_m": 0.5, "building_name": "\u0645\u0628\u0646\u0649 \u0633\u0643\u0646\u064a"}, "geometry": {"type": "Polygon", "coordinates": [[[44.01303, 13.58791], [44.01321, 13.58789], [44.0132, 13.58777], [44.01302, 13.58779], [44.01303, 13.58791]]]}}, {"type": "Feature", "properties": {"building_id": 647538912, "risk_level": "\u0645\u0647\u062f\u062f \u0628\u0627\u0644\u063a\u0645\u0631 (High Risk)", "risk_color": "#FF9100", "distance_to_stream_m": 17.8, "closest_stream_order": 2, "est_flood_depth_m": 0.5, "building_name": "\u0645\u0628\u0646\u0649 \u0633\u0643\u0646\u064a"}, "geometry": {"type": "Polygon", "coordinates": [[[44.01329, 13.58759], [44.01343, 13.58762], [44.01347, 13.58748], [44.01333, 13.58745], [44.01329, 13.58759]]]}}, {"type": "Feature", "properties": {"building_id": 647538913, "risk_level": "\u0645\u0647\u062f\u062f \u0628\u0627\u0644\u063a\u0645\u0631 (High Risk)", "risk_color": "#FF9100", "distance_to_stream_m": 22.3, "closest_stream_order": 2, "est_flood_depth_m": 0.5, "building_name": "\u0645\u0628\u0646\u0649 \u0633\u0643\u0646\u064a"}, "geometry": {"type": "Polygon", "coordinates": [[[44.01343, 13.58767], [44.01343, 13.58777], [44.01354, 13.58777], [44.01354, 13.58767], [44.01343, 13.58767]]]}}, {"type": "Feature", "properties": {"building_id": 647538914, "risk_level": "\u0645\u0647\u062f\u062f \u0628\u0627\u0644\u063a\u0645\u0631 (High Risk)", "risk_color": "#FF9100", "distance_to_stream_m": 20.4, "closest_stream_order": 1, "est_flood_depth_m": 0.5, "building_name": "\u0645\u0628\u0646\u0649 \u0633\u0643\u0646\u064a"}, "geometry": {"type": "Polygon", "coordinates": [[[44.01354, 13.58788], [44.01366, 13.58789], [44.01367, 13.58781], [44.01355, 13.5878], [44.01354, 13.58788]]]}}, {"type": "Feature", "properties": {"building_id": 647538915, "risk_level": "\u0645\u0647\u062f\u062f \u0628\u0627\u0644\u063a\u0645\u0631 (High Risk)", "risk_color": "#FF9100", "distance_to_stream_m": 10.3, "closest_stream_order": 2, "est_flood_depth_m": 0.5, "building_name": "\u0645\u0628\u0646\u0649 \u0633\u0643\u0646\u064a"}, "geometry": {"type": "Polygon", "coordinates": [[[44.0133, 13.5876], [44.01327, 13.5877], [44.01339, 13.58773], [44.01342, 13.58763], [44.0133, 13.5876]]]}}, {"type": "Feature", "properties": {"building_id": 647538916, "risk_level": "\u0645\u0647\u062f\u062f \u0628\u0627\u0644\u063a\u0645\u0631 (High Risk)", "risk_color": "#FF9100", "distance_to_stream_m": 9.5, "closest_stream_order": 2, "est_flood_depth_m": 0.5, "building_name": "\u0645\u0628\u0646\u0649 \u0633\u0643\u0646\u064a"}, "geometry": {"type": "Polygon", "coordinates": [[[44.01328, 13.58771], [44.01327, 13.5878], [44.01339, 13.58782], [44.01341, 13.58773], [44.01328, 13.58771]]]}}, {"type": "Feature", "properties": {"building_id": 647538917, "risk_level": "\u0645\u0647\u062f\u062f \u0628\u0627\u0644\u063a\u0645\u0631 (High Risk)", "risk_color": "#FF9100", "distance_to_stream_m": 7.9, "closest_stream_order": 2, "est_flood_depth_m": 0.5, "building_name": "\u0645\u0628\u0646\u0649 \u0633\u0643\u0646\u064a"}, "geometry": {"type": "Polygon", "coordinates": [[[44.01327, 13.5879], [44.01325, 13.58798], [44.01338, 13.588], [44.01339, 13.58793], [44.01327, 13.5879]]]}}, {"type": "Feature", "properties": {"building_id": 647538918, "risk_level": "\u0645\u0647\u062f\u062f \u0628\u0627\u0644\u063a\u0645\u0631 (High Risk)", "risk_color": "#FF9100", "distance_to_stream_m": 12.8, "closest_stream_order": 2, "est_flood_depth_m": 0.5, "building_name": "\u0645\u0628\u0646\u0649 \u0633\u0643\u0646\u064a"}, "geometry": {"type": "Polygon", "coordinates": [[[44.01327, 13.58801], [44.01325, 13.58813], [44.01338, 13.58815], [44.0134, 13.58803], [44.01327, 13.58801]]]}}, {"type": "Feature", "properties": {"building_id": 647538919, "risk_level": "\u0645\u0647\u062f\u062f \u0628\u0627\u0644\u063a\u0645\u0631 (High Risk)", "risk_color": "#FF9100", "distance_to_stream_m": 25.8, "closest_stream_order": 2, "est_flood_depth_m": 0.5, "building_name": "\u0645\u0628\u0646\u0649 \u0633\u0643\u0646\u064a"}, "geometry": {"type": "Polygon", "coordinates": [[[44.01327, 13.58825], [44.01326, 13.58835], [44.01344, 13.58836], [44.01345, 13.58827], [44.01327, 13.58825]]]}}, {"type": "Feature", "properties": {"building_id": 647538920, "risk_level": "\u0645\u0647\u062f\u062f \u0628\u0627\u0644\u063a\u0645\u0631 (High Risk)", "risk_color": "#FF9100", "distance_to_stream_m": 9.4, "closest_stream_order": 2, "est_flood_depth_m": 0.5, "building_name": "\u0645\u0628\u0646\u0649 \u0633\u0643\u0646\u064a"}, "geometry": {"type": "Polygon", "coordinates": [[[44.01362, 13.58815], [44.01365, 13.58802], [44.01351, 13.58798], [44.01347, 13.5881], [44.01362, 13.58815]]]}}, {"type": "Feature", "properties": {"building_id": 647538921, "risk_level": "\u0645\u0647\u062f\u062f \u0628\u0627\u0644\u063a\u0645\u0631 (High Risk)", "risk_color": "#FF9100", "distance_to_stream_m": 18.9, "closest_stream_order": 2, "est_flood_depth_m": 0.5, "building_name": "\u0645\u0628\u0646\u0649 \u0633\u0643\u0646\u064a"}, "geometry": {"type": "Polygon", "coordinates": [[[44.01327, 13.58825], [44.01341, 13.58825], [44.01341, 13.58815], [44.01327, 13.58815], [44.01327, 13.58825]]]}}, {"type": "Feature", "properties": {"building_id": 647538922, "risk_level": "\u0645\u0647\u062f\u062f \u0628\u0627\u0644\u063a\u0645\u0631 (High Risk)", "risk_color": "#FF9100", "distance_to_stream_m": 27.8, "closest_stream_order": 2, "est_flood_depth_m": 0.5, "building_name": "\u0645\u0628\u0646\u0649 \u0633\u0643\u0646\u064a"}, "geometry": {"type": "Polygon", "coordinates": [[[44.01326, 13.58836], [44.01326, 13.5885], [44.0135, 13.58851], [44.01351, 13.58837], [44.01326, 13.58836]]]}}, {"type": "Feature", "properties": {"building_id": 647538923, "risk_level": "\u062a\u0623\u062b\u0631 \u0645\u062a\u0648\u0633\u0637 (Moderate Risk)", "risk_color": "#FFEA00", "distance_to_stream_m": 35.4, "closest_stream_order": 2, "est_flood_depth_m": 0.2, "building_name": "\u0645\u0628\u0646\u0649 \u0633\u0643\u0646\u064a"}, "geometry": {"type": "Polygon", "coordinates": [[[44.01326, 13.58852], [44.01326, 13.58862], [44.01346, 13.58862], [44.01346, 13.58851], [44.01326, 13.58852]]]}}, {"type": "Feature", "properties": {"building_id": 647538924, "risk_level": "\u062a\u0623\u062b\u0631 \u0645\u062a\u0648\u0633\u0637 (Moderate Risk)", "risk_color": "#FFEA00", "distance_to_stream_m": 43.9, "closest_stream_order": 2, "est_flood_depth_m": 0.2, "building_name": "\u0645\u0628\u0646\u0649 \u0633\u0643\u0646\u064a"}, "geometry": {"type": "Polygon", "coordinates": [[[44.01328, 13.58863], [44.01327, 13.58873], [44.01344, 13.58874], [44.01345, 13.58864], [44.01328, 13.58863]]]}}, {"type": "Feature", "properties": {"building_id": 647538925, "risk_level": "\u062a\u0623\u062b\u0631 \u0645\u062a\u0648\u0633\u0637 (Moderate Risk)", "risk_color": "#FFEA00", "distance_to_stream_m": 35.1, "closest_stream_order": 4, "est_flood_depth_m": 0.2, "building_name": "\u0645\u0628\u0646\u0649 \u0633\u0643\u0646\u064a"}, "geometry": {"type": "Polygon", "coordinates": [[[44.0132, 13.58933], [44.0132, 13.58941], [44.0133, 13.58941], [44.0133, 13.58933], [44.0132, 13.58933]]]}}, {"type": "Feature", "properties": {"building_id": 647538926, "risk_level": "\u062a\u0623\u062b\u0631 \u0645\u062a\u0648\u0633\u0637 (Moderate Risk)", "risk_color": "#FFEA00", "distance_to_stream_m": 37.6, "closest_stream_order": 4, "est_flood_depth_m": 0.2, "building_name": "\u0645\u0628\u0646\u0649 \u0633\u0643\u0646\u064a"}, "geometry": {"type": "Polygon", "coordinates": [[[44.01335, 13.58919], [44.01334, 13.58909], [44.01324, 13.58909], [44.01324, 13.5892], [44.01335, 13.58919]]]}}, {"type": "Feature", "properties": {"building_id": 647538927, "risk_level": "\u0645\u0646\u0637\u0642\u0629 \u0622\u0645\u0646\u0629 (Safe High Ground)", "risk_color": "#00E676", "distance_to_stream_m": 61.3, "closest_stream_order": 4, "est_flood_depth_m": 0.0, "building_name": "\u0645\u0628\u0646\u0649 \u0633\u0643\u0646\u064a"}, "geometry": {"type": "Polygon", "coordinates": [[[44.01287, 13.58973], [44.01295, 13.58979], [44.01301, 13.58972], [44.01292, 13.58966], [44.01287, 13.58973]]]}}, {"type": "Feature", "properties": {"building_id": 647538928, "risk_level": "\u0645\u0646\u0637\u0642\u0629 \u0622\u0645\u0646\u0629 (Safe High Ground)", "risk_color": "#00E676", "distance_to_stream_m": 113.7, "closest_stream_order": 4, "est_flood_depth_m": 0.0, "building_name": "\u0645\u0628\u0646\u0649 \u0633\u0643\u0646\u064a"}, "geometry": {"type": "Polygon", "coordinates": [[[44.01243, 13.58972], [44.01249, 13.58973], [44.0125, 13.58967], [44.01244, 13.58966], [44.01243, 13.58972]]]}}, {"type": "Feature", "properties": {"building_id": 647538929, "risk_level": "\u0645\u0646\u0637\u0642\u0629 \u0622\u0645\u0646\u0629 (Safe High Ground)", "risk_color": "#00E676", "distance_to_stream_m": 115.9, "closest_stream_order": 1, "est_flood_depth_m": 0.0, "building_name": "\u0645\u0628\u0646\u0649 \u0633\u0643\u0646\u064a"}, "geometry": {"type": "Polygon", "coordinates": [[[44.01239, 13.58952], [44.01239, 13.58943], [44.01225, 13.58943], [44.01225, 13.58952], [44.01239, 13.58952]]]}}, {"type": "Feature", "properties": {"building_id": 647538930, "risk_level": "\u0645\u0646\u0637\u0642\u0629 \u0622\u0645\u0646\u0629 (Safe High Ground)", "risk_color": "#00E676", "distance_to_stream_m": 98.0, "closest_stream_order": 4, "est_flood_depth_m": 0.0, "building_name": "\u0645\u0628\u0646\u0649 \u0633\u0643\u0646\u064a"}, "geometry": {"type": "Polygon", "coordinates": [[[44.01265, 13.58916], [44.01272, 13.58924], [44.01277, 13.5892], [44.0127, 13.58912], [44.01265, 13.58916]]]}}, {"type": "Feature", "properties": {"building_id": 647538931, "risk_level": "\u0645\u0646\u0637\u0642\u0629 \u0622\u0645\u0646\u0629 (Safe High Ground)", "risk_color": "#00E676", "distance_to_stream_m": 93.3, "closest_stream_order": 4, "est_flood_depth_m": 0.0, "building_name": "\u0645\u0628\u0646\u0649 \u0633\u0643\u0646\u064a"}, "geometry": {"type": "Polygon", "coordinates": [[[44.01275, 13.58908], [44.01271, 13.5891], [44.01278, 13.58919], [44.01282, 13.58916], [44.01275, 13.58908]]]}}, {"type": "Feature", "properties": {"building_id": 647538932, "risk_level": "\u0645\u0646\u0637\u0642\u0629 \u0622\u0645\u0646\u0629 (Safe High Ground)", "risk_color": "#00E676", "distance_to_stream_m": 87.3, "closest_stream_order": 4, "est_flood_depth_m": 0.0, "building_name": "\u0645\u0628\u0646\u0649 \u0633\u0643\u0646\u064a"}, "geometry": {"type": "Polygon", "coordinates": [[[44.01277, 13.58908], [44.01283, 13.58916], [44.01288, 13.58912], [44.01282, 13.58904], [44.01277, 13.58908]]]}}, {"type": "Feature", "properties": {"building_id": 647538933, "risk_level": "\u0645\u0646\u0637\u0642\u0629 \u0622\u0645\u0646\u0629 (Safe High Ground)", "risk_color": "#00E676", "distance_to_stream_m": 84.3, "closest_stream_order": 4, "est_flood_depth_m": 0.0, "building_name": "\u0645\u0628\u0646\u0649 \u0633\u0643\u0646\u064a"}, "geometry": {"type": "Polygon", "coordinates": [[[44.01287, 13.58897], [44.01282, 13.589], [44.01289, 13.58909], [44.01294, 13.58906], [44.01287, 13.58897]]]}}, {"type": "Feature", "properties": {"building_id": 647538934, "risk_level": "\u0645\u0646\u0637\u0642\u0629 \u0622\u0645\u0646\u0629 (Safe High Ground)", "risk_color": "#00E676", "distance_to_stream_m": 88.5, "closest_stream_order": 4, "est_flood_depth_m": 0.0, "building_name": "\u0645\u0628\u0646\u0649 \u0633\u0643\u0646\u064a"}, "geometry": {"type": "Polygon", "coordinates": [[[44.01284, 13.58894], [44.01287, 13.58897], [44.01288, 13.58898], [44.01291, 13.58896], [44.01287, 13.58892], [44.01284, 13.58894]]]}}, {"type": "Feature", "properties": {"building_id": 647538935, "risk_level": "\u0645\u0646\u0637\u0642\u0629 \u0622\u0645\u0646\u0629 (Safe High Ground)", "risk_color": "#00E676", "distance_to_stream_m": 122.1, "closest_stream_order": 1, "est_flood_depth_m": 0.0, "building_name": "\u0645\u0628\u0646\u0649 \u0633\u0643\u0646\u064a"}, "geometry": {"type": "Polygon", "coordinates": [[[44.01249, 13.58891], [44.01245, 13.58896], [44.01251, 13.589], [44.01255, 13.58896], [44.01249, 13.58891]]]}}, {"type": "Feature", "properties": {"building_id": 647538936, "risk_level": "\u0645\u0646\u0637\u0642\u0629 \u0622\u0645\u0646\u0629 (Safe High Ground)", "risk_color": "#00E676", "distance_to_stream_m": 116.0, "closest_stream_order": 1, "est_flood_depth_m": 0.0, "building_name": "\u0645\u0628\u0646\u0649 \u0633\u0643\u0646\u064a"}, "geometry": {"type": "Polygon", "coordinates": [[[44.01259, 13.5888], [44.01254, 13.58885], [44.0126, 13.58891], [44.01265, 13.58886], [44.01259, 13.5888]]]}}, {"type": "Feature", "properties": {"building_id": 647538937, "risk_level": "\u0645\u0646\u0637\u0642\u0629 \u0622\u0645\u0646\u0629 (Safe High Ground)", "risk_color": "#00E676", "distance_to_stream_m": 104.4, "closest_stream_order": 1, "est_flood_depth_m": 0.0, "building_name": "\u0645\u0628\u0646\u0649 \u0633\u0643\u0646\u064a"}, "geometry": {"type": "Polygon", "coordinates": [[[44.01229, 13.58858], [44.0124, 13.58858], [44.01241, 13.5885], [44.0123, 13.58849], [44.01229, 13.58858]]]}}, {"type": "Feature", "properties": {"building_id": 647538938, "risk_level": "\u0645\u0646\u0637\u0642\u0629 \u0622\u0645\u0646\u0629 (Safe High Ground)", "risk_color": "#00E676", "distance_to_stream_m": 101.3, "closest_stream_order": 1, "est_flood_depth_m": 0.0, "building_name": "\u0645\u0628\u0646\u0649 \u0633\u0643\u0646\u064a"}, "geometry": {"type": "Polygon", "coordinates": [[[44.01215, 13.58826], [44.01226, 13.58825], [44.01225, 13.58817], [44.01215, 13.58818], [44.01214, 13.58818], [44.01215, 13.58826]]]}}, {"type": "Feature", "properties": {"building_id": 647538939, "risk_level": "\u0645\u0646\u0637\u0642\u0629 \u0622\u0645\u0646\u0629 (Safe High Ground)", "risk_color": "#00E676", "distance_to_stream_m": 103.5, "closest_stream_order": 1, "est_flood_depth_m": 0.0, "building_name": "\u0645\u0628\u0646\u0649 \u0633\u0643\u0646\u064a"}, "geometry": {"type": "Polygon", "coordinates": [[[44.01216, 13.58834], [44.01227, 13.58833], [44.01226, 13.58825], [44.01215, 13.58826], [44.01216, 13.58834]]]}}, {"type": "Feature", "properties": {"building_id": 647538940, "risk_level": "\u0645\u0646\u0637\u0642\u0629 \u0622\u0645\u0646\u0629 (Safe High Ground)", "risk_color": "#00E676", "distance_to_stream_m": 85.8, "closest_stream_order": 1, "est_flood_depth_m": 0.0, "building_name": "\u0645\u0628\u0646\u0649 \u0633\u0643\u0646\u064a"}, "geometry": {"type": "Polygon", "coordinates": [[[44.01195, 13.58823], [44.01204, 13.58822], [44.01202, 13.58812], [44.01194, 13.58813], [44.01195, 13.58823]]]}}, {"type": "Feature", "properties": {"building_id": 647538941, "risk_level": "\u0645\u0646\u0637\u0642\u0629 \u0622\u0645\u0646\u0629 (Safe High Ground)", "risk_color": "#00E676", "distance_to_stream_m": 87.4, "closest_stream_order": 1, "est_flood_depth_m": 0.0, "building_name": "\u0645\u0628\u0646\u0649 \u0633\u0643\u0646\u064a"}, "geometry": {"type": "Polygon", "coordinates": [[[44.01234, 13.58792], [44.01221, 13.58793], [44.01221, 13.58799], [44.01234, 13.58799], [44.01234, 13.58792]]]}}, {"type": "Feature", "properties": {"building_id": 647538942, "risk_level": "\u0645\u0646\u0637\u0642\u0629 \u0622\u0645\u0646\u0629 (Safe High Ground)", "risk_color": "#00E676", "distance_to_stream_m": 74.5, "closest_stream_order": 1, "est_flood_depth_m": 0.0, "building_name": "\u0645\u0628\u0646\u0649 \u0633\u0643\u0646\u064a"}, "geometry": {"type": "Polygon", "coordinates": [[[44.01235, 13.58793], [44.01235, 13.58809], [44.01245, 13.58809], [44.01245, 13.58793], [44.01235, 13.58793]]]}}, {"type": "Feature", "properties": {"building_id": 647538943, "risk_level": "\u0645\u0646\u0637\u0642\u0629 \u0622\u0645\u0646\u0629 (Safe High Ground)", "risk_color": "#00E676", "distance_to_stream_m": 101.3, "closest_stream_order": 1, "est_flood_depth_m": 0.0, "building_name": "\u0645\u0628\u0646\u0649 \u0633\u0643\u0646\u064a"}, "geometry": {"type": "Polygon", "coordinates": [[[44.01211, 13.58806], [44.01221, 13.58805], [44.01219, 13.58792], [44.0121, 13.58793], [44.01211, 13.58806]]]}}, {"type": "Feature", "properties": {"building_id": 647538944, "risk_level": "\u0645\u0646\u0637\u0642\u0629 \u0622\u0645\u0646\u0629 (Safe High Ground)", "risk_color": "#00E676", "distance_to_stream_m": 99.2, "closest_stream_order": 1, "est_flood_depth_m": 0.0, "building_name": "\u0645\u0628\u0646\u0649 \u0633\u0643\u0646\u064a"}, "geometry": {"type": "Polygon", "coordinates": [[[44.01225, 13.58817], [44.01224, 13.58807], [44.01214, 13.58808], [44.01215, 13.58818], [44.01225, 13.58817]]]}}, {"type": "Feature", "properties": {"building_id": 647538945, "risk_level": "\u0645\u0646\u0637\u0642\u0629 \u0622\u0645\u0646\u0629 (Safe High Ground)", "risk_color": "#00E676", "distance_to_stream_m": 62.7, "closest_stream_order": 1, "est_flood_depth_m": 0.0, "building_name": "\u0645\u0628\u0646\u0649 \u0633\u0643\u0646\u064a"}, "geometry": {"type": "Polygon", "coordinates": [[[44.01171, 13.58781], [44.01171, 13.58767], [44.01156, 13.58767], [44.01156, 13.58781], [44.01171, 13.58781]]]}}, {"type": "Feature", "properties": {"building_id": 647538946, "risk_level": "\u062a\u0623\u062b\u0631 \u0645\u062a\u0648\u0633\u0637 (Moderate Risk)", "risk_color": "#FFEA00", "distance_to_stream_m": 58.5, "closest_stream_order": 1, "est_flood_depth_m": 0.2, "building_name": "\u0645\u0628\u0646\u0649 \u0633\u0643\u0646\u064a"}, "geometry": {"type": "Polygon", "coordinates": [[[44.01155, 13.58792], [44.01166, 13.58793], [44.01167, 13.58784], [44.01156, 13.58783], [44.01155, 13.58792]]]}}, {"type": "Feature", "properties": {"building_id": 647538947, "risk_level": "\u062a\u0623\u062b\u0631 \u0645\u062a\u0648\u0633\u0637 (Moderate Risk)", "risk_color": "#FFEA00", "distance_to_stream_m": 54.8, "closest_stream_order": 1, "est_flood_depth_m": 0.2, "building_name": "\u0645\u0628\u0646\u0649 \u0633\u0643\u0646\u064a"}, "geometry": {"type": "Polygon", "coordinates": [[[44.01154, 13.588], [44.01165, 13.58801], [44.01166, 13.58793], [44.01155, 13.58792], [44.01154, 13.588]]]}}, {"type": "Feature", "properties": {"building_id": 647538948, "risk_level": "\u062a\u0623\u062b\u0631 \u0645\u062a\u0648\u0633\u0637 (Moderate Risk)", "risk_color": "#FFEA00", "distance_to_stream_m": 52.7, "closest_stream_order": 1, "est_flood_depth_m": 0.2, "building_name": "\u0645\u0628\u0646\u0649 \u0633\u0643\u0646\u064a"}, "geometry": {"type": "Polygon", "coordinates": [[[44.01153, 13.58806], [44.01164, 13.58807], [44.01165, 13.58801], [44.01154, 13.588], [44.01153, 13.58806]]]}}, {"type": "Feature", "properties": {"building_id": 647538949, "risk_level": "\u062a\u0623\u062b\u0631 \u0645\u062a\u0648\u0633\u0637 (Moderate Risk)", "risk_color": "#FFEA00", "distance_to_stream_m": 56.5, "closest_stream_order": 1, "est_flood_depth_m": 0.2, "building_name": "\u0645\u0628\u0646\u0649 \u0633\u0643\u0646\u064a"}, "geometry": {"type": "Polygon", "coordinates": [[[44.01178, 13.58811], [44.01159, 13.58817], [44.01165, 13.58838], [44.01184, 13.58832], [44.01178, 13.58811]]]}}, {"type": "Feature", "properties": {"building_id": 647538950, "risk_level": "\u0645\u0646\u0637\u0642\u0629 \u0622\u0645\u0646\u0629 (Safe High Ground)", "risk_color": "#00E676", "distance_to_stream_m": 71.7, "closest_stream_order": 1, "est_flood_depth_m": 0.0, "building_name": "\u0645\u0628\u0646\u0649 \u0633\u0643\u0646\u064a"}, "geometry": {"type": "Polygon", "coordinates": [[[44.01283, 13.5886], [44.01291, 13.58852], [44.01285, 13.58846], [44.01277, 13.58853], [44.01283, 13.5886]]]}}, {"type": "Feature", "properties": {"building_id": 647538951, "risk_level": "\u0645\u0646\u0637\u0642\u0629 \u0622\u0645\u0646\u0629 (Safe High Ground)", "risk_color": "#00E676", "distance_to_stream_m": 75.3, "closest_stream_order": 2, "est_flood_depth_m": 0.0, "building_name": "\u0645\u0628\u0646\u0649 \u0633\u0643\u0646\u064a"}, "geometry": {"type": "Polygon", "coordinates": [[[44.01303, 13.5888], [44.01312, 13.58874], [44.01305, 13.58865], [44.01296, 13.58871], [44.01303, 13.5888]]]}}, {"type": "Feature", "properties": {"building_id": 647538952, "risk_level": "\u0645\u0646\u0637\u0642\u0629 \u0622\u0645\u0646\u0629 (Safe High Ground)", "risk_color": "#00E676", "distance_to_stream_m": 95.1, "closest_stream_order": 1, "est_flood_depth_m": 0.0, "building_name": "\u0645\u0628\u0646\u0649 \u0633\u0643\u0646\u064a"}, "geometry": {"type": "Polygon", "coordinates": [[[44.01278, 13.58875], [44.01284, 13.58882], [44.01292, 13.58874], [44.01286, 13.58868], [44.01278, 13.58875]]]}}, {"type": "Feature", "properties": {"building_id": 647538953, "risk_level": "\u0645\u0646\u0637\u0642\u0629 \u0622\u0645\u0646\u0629 (Safe High Ground)", "risk_color": "#00E676", "distance_to_stream_m": 71.9, "closest_stream_order": 4, "est_flood_depth_m": 0.0, "building_name": "\u0645\u0628\u0646\u0649 \u0633\u0643\u0646\u064a"}, "geometry": {"type": "Polygon", "coordinates": [[[44.01306, 13.58897], [44.01314, 13.58895], [44.01311, 13.58884], [44.01303, 13.58885], [44.01306, 13.58897]]]}}, {"type": "Feature", "properties": {"building_id": 647538954, "risk_level": "\u0645\u0646\u0637\u0642\u0629 \u0622\u0645\u0646\u0629 (Safe High Ground)", "risk_color": "#00E676", "distance_to_stream_m": 116.0, "closest_stream_order": 4, "est_flood_depth_m": 0.0, "building_name": "\u0645\u0628\u0646\u0649 \u0633\u0643\u0646\u064a"}, "geometry": {"type": "Polygon", "coordinates": [[[44.0125, 13.58937], [44.01256, 13.5893], [44.0125, 13.58925], [44.01244, 13.58932], [44.0125, 13.58937]]]}}, {"type": "Feature", "properties": {"building_id": 647538955, "risk_level": "\u0645\u0646\u0637\u0642\u0629 \u0622\u0645\u0646\u0629 (Safe High Ground)", "risk_color": "#00E676", "distance_to_stream_m": 122.1, "closest_stream_order": 4, "est_flood_depth_m": 0.0, "building_name": "\u0645\u0628\u0646\u0649 \u0633\u0643\u0646\u064a"}, "geometry": {"type": "Polygon", "coordinates": [[[44.01251, 13.58918], [44.01255, 13.58913], [44.01249, 13.58909], [44.01245, 13.58914], [44.01251, 13.58918]]]}}, {"type": "Feature", "properties": {"building_id": 647538956, "risk_level": "\u0645\u0646\u0637\u0642\u0629 \u0622\u0645\u0646\u0629 (Safe High Ground)", "risk_color": "#00E676", "distance_to_stream_m": 106.5, "closest_stream_order": 4, "est_flood_depth_m": 0.0, "building_name": "\u0645\u0628\u0646\u0649 \u0633\u0643\u0646\u064a"}, "geometry": {"type": "Polygon", "coordinates": [[[44.01251, 13.58922], [44.01265, 13.58935], [44.01271, 13.58929], [44.01257, 13.58916], [44.01251, 13.58922]]]}}, {"type": "Feature", "properties": {"building_id": 647538957, "risk_level": "\u0645\u0646\u0637\u0642\u0629 \u0622\u0645\u0646\u0629 (Safe High Ground)", "risk_color": "#00E676", "distance_to_stream_m": 94.7, "closest_stream_order": 1, "est_flood_depth_m": 0.0, "building_name": "\u0645\u0628\u0646\u0649 \u0633\u0643\u0646\u064a"}, "geometry": {"type": "Polygon", "coordinates": [[[44.01217, 13.58918], [44.01225, 13.58924], [44.01229, 13.58918], [44.01221, 13.58912], [44.01217, 13.58918]]]}}, {"type": "Feature", "properties": {"building_id": 647538958, "risk_level": "\u062a\u0623\u062b\u0631 \u0645\u062a\u0648\u0633\u0637 (Moderate Risk)", "risk_color": "#FFEA00", "distance_to_stream_m": 50.9, "closest_stream_order": 1, "est_flood_depth_m": 0.2, "building_name": "\u0645\u0628\u0646\u0649 \u0633\u0643\u0646\u064a"}, "geometry": {"type": "Polygon", "coordinates": [[[44.01179, 13.58898], [44.0118, 13.5891], [44.01192, 13.58909], [44.01191, 13.58897], [44.01179, 13.58898]]]}}, {"type": "Feature", "properties": {"building_id": 647538959, "risk_level": "\u062a\u0623\u062b\u0631 \u0645\u062a\u0648\u0633\u0637 (Moderate Risk)", "risk_color": "#FFEA00", "distance_to_stream_m": 38.7, "closest_stream_order": 1, "est_flood_depth_m": 0.2, "building_name": "\u0645\u0628\u0646\u0649 \u0633\u0643\u0646\u064a"}, "geometry": {"type": "Polygon", "coordinates": [[[44.01166, 13.58888], [44.01166, 13.58898], [44.01179, 13.58898], [44.01183, 13.58898], [44.01183, 13.58888], [44.01166, 13.58888]]]}}, {"type": "Feature", "properties": {"building_id": 647538960, "risk_level": "\u0645\u0646\u0637\u0642\u0629 \u0622\u0645\u0646\u0629 (Safe High Ground)", "risk_color": "#00E676", "distance_to_stream_m": 106.6, "closest_stream_order": 4, "est_flood_depth_m": 0.0, "building_name": "\u0645\u0628\u0646\u0649 \u0633\u0643\u0646\u064a"}, "geometry": {"type": "Polygon", "coordinates": [[[44.0126, 13.58907], [44.01266, 13.58911], [44.01272, 13.58904], [44.01266, 13.589], [44.0126, 13.58907]]]}}, {"type": "Feature", "properties": {"building_id": 647538961, "risk_level": "\u0645\u0646\u0637\u0642\u0629 \u0622\u0645\u0646\u0629 (Safe High Ground)", "risk_color": "#00E676", "distance_to_stream_m": 99.9, "closest_stream_order": 4, "est_flood_depth_m": 0.0, "building_name": "\u0645\u0628\u0646\u0649 \u0633\u0643\u0646\u064a"}, "geometry": {"type": "Polygon", "coordinates": [[[44.01274, 13.58904], [44.01281, 13.58897], [44.01276, 13.58892], [44.01269, 13.58899], [44.01274, 13.58904]]]}}, {"type": "Feature", "properties": {"building_id": 647538962, "risk_level": "\u0645\u0646\u0637\u0642\u0629 \u0622\u0645\u0646\u0629 (Safe High Ground)", "risk_color": "#00E676", "distance_to_stream_m": 106.9, "closest_stream_order": 1, "est_flood_depth_m": 0.0, "building_name": "\u0645\u0628\u0646\u0649 \u0633\u0643\u0646\u064a"}, "geometry": {"type": "Polygon", "coordinates": [[[44.0126, 13.58879], [44.01267, 13.58886], [44.01272, 13.58881], [44.01266, 13.58874], [44.0126, 13.58879]]]}}, {"type": "Feature", "properties": {"building_id": 647538963, "risk_level": "\u0645\u0646\u0637\u0642\u0629 \u0622\u0645\u0646\u0629 (Safe High Ground)", "risk_color": "#00E676", "distance_to_stream_m": 111.7, "closest_stream_order": 4, "est_flood_depth_m": 0.0, "building_name": "\u0645\u0628\u0646\u0649 \u0633\u0643\u0646\u064a"}, "geometry": {"type": "Polygon", "coordinates": [[[44.01249, 13.58957], [44.01256, 13.58951], [44.01249, 13.58945], [44.01243, 13.58952], [44.01249, 13.58957]]]}}, {"type": "Feature", "properties": {"building_id": 647538964, "risk_level": "\u062a\u0623\u062b\u0631 \u0645\u062a\u0648\u0633\u0637 (Moderate Risk)", "risk_color": "#FFEA00", "distance_to_stream_m": 53.6, "closest_stream_order": 1, "est_flood_depth_m": 0.2, "building_name": "\u0645\u0628\u0646\u0649 \u0633\u0643\u0646\u064a"}, "geometry": {"type": "Polygon", "coordinates": [[[44.01267, 13.58833], [44.01277, 13.58829], [44.01269, 13.58811], [44.0126, 13.58815], [44.01267, 13.58833]]]}}, {"type": "Feature", "properties": {"building_id": 647538965, "risk_level": "\u0645\u0646\u0637\u0642\u0629 \u0622\u0645\u0646\u0629 (Safe High Ground)", "risk_color": "#00E676", "distance_to_stream_m": 82.3, "closest_stream_order": 1, "est_flood_depth_m": 0.0, "building_name": "\u0645\u0628\u0646\u0649 \u0633\u0643\u0646\u064a"}, "geometry": {"type": "Polygon", "coordinates": [[[44.01255, 13.58847], [44.01259, 13.5886], [44.0127, 13.58857], [44.01266, 13.58843], [44.01255, 13.58847]]]}}, {"type": "Feature", "properties": {"building_id": 647538966, "risk_level": "\u0645\u0646\u0637\u0642\u0629 \u0622\u0645\u0646\u0629 (Safe High Ground)", "risk_color": "#00E676", "distance_to_stream_m": 79.8, "closest_stream_order": 4, "est_flood_depth_m": 0.0, "building_name": "\u0645\u0628\u0646\u0649 \u0633\u0643\u0646\u064a"}, "geometry": {"type": "Polygon", "coordinates": [[[44.01291, 13.58891], [44.01294, 13.58901], [44.01303, 13.58898], [44.013, 13.58888], [44.01291, 13.58891]]]}}, {"type": "Feature", "properties": {"building_id": 647538967, "risk_level": "\u0645\u0646\u0637\u0642\u0629 \u0622\u0645\u0646\u0629 (Safe High Ground)", "risk_color": "#00E676", "distance_to_stream_m": 86.0, "closest_stream_order": 4, "est_flood_depth_m": 0.0, "building_name": "\u0645\u0628\u0646\u0649 \u0633\u0643\u0646\u064a"}, "geometry": {"type": "Polygon", "coordinates": [[[44.01274, 13.58926], [44.01279, 13.58933], [44.01285, 13.58929], [44.0128, 13.58922], [44.01274, 13.58926]]]}}, {"type": "Feature", "properties": {"building_id": 647538968, "risk_level": "\u0645\u0646\u0637\u0642\u0629 \u0622\u0645\u0646\u0629 (Safe High Ground)", "risk_color": "#00E676", "distance_to_stream_m": 74.0, "closest_stream_order": 4, "est_flood_depth_m": 0.0, "building_name": "\u0645\u0628\u0646\u0649 \u0633\u0643\u0646\u064a"}, "geometry": {"type": "Polygon", "coordinates": [[[44.01283, 13.58922], [44.01294, 13.58937], [44.01299, 13.58933], [44.01289, 13.58918], [44.01283, 13.58922]]]}}, {"type": "Feature", "properties": {"building_id": 647538969, "risk_level": "\u0645\u0646\u0637\u0642\u0629 \u0622\u0645\u0646\u0629 (Safe High Ground)", "risk_color": "#00E676", "distance_to_stream_m": 66.3, "closest_stream_order": 4, "est_flood_depth_m": 0.0, "building_name": "\u0645\u0628\u0646\u0649 \u0633\u0643\u0646\u064a"}, "geometry": {"type": "Polygon", "coordinates": [[[44.01288, 13.58952], [44.01299, 13.5895], [44.01297, 13.58939], [44.01286, 13.5894], [44.01288, 13.58952]]]}}, {"type": "Feature", "properties": {"building_id": 647538970, "risk_level": "\u062a\u0623\u062b\u0631 \u0645\u062a\u0648\u0633\u0637 (Moderate Risk)", "risk_color": "#FFEA00", "distance_to_stream_m": 52.4, "closest_stream_order": 4, "est_flood_depth_m": 0.2, "building_name": "\u0645\u0628\u0646\u0649 \u0633\u0643\u0646\u064a"}, "geometry": {"type": "Polygon", "coordinates": [[[44.01305, 13.58948], [44.01313, 13.58945], [44.0131, 13.58935], [44.01301, 13.58938], [44.01305, 13.58948]]]}}, {"type": "Feature", "properties": {"building_id": 647538971, "risk_level": "\u0645\u0646\u0637\u0642\u0629 \u0622\u0645\u0646\u0629 (Safe High Ground)", "risk_color": "#00E676", "distance_to_stream_m": 96.4, "closest_stream_order": 1, "est_flood_depth_m": 0.0, "building_name": "\u0645\u0628\u0646\u0649 \u0633\u0643\u0646\u064a"}, "geometry": {"type": "Polygon", "coordinates": [[[44.01192, 13.5897], [44.01198, 13.5897], [44.01198, 13.58961], [44.01193, 13.5896], [44.01192, 13.5897]]]}}, {"type": "Feature", "properties": {"building_id": 647538972, "risk_level": "\u0645\u0646\u0637\u0642\u0629 \u0622\u0645\u0646\u0629 (Safe High Ground)", "risk_color": "#00E676", "distance_to_stream_m": 99.5, "closest_stream_order": 1, "est_flood_depth_m": 0.0, "building_name": "\u0645\u0628\u0646\u0649 \u0633\u0643\u0646\u064a"}, "geometry": {"type": "Polygon", "coordinates": [[[44.01203, 13.58955], [44.01214, 13.5896], [44.01218, 13.58951], [44.01207, 13.58946], [44.01203, 13.58955]]]}}, {"type": "Feature", "properties": {"building_id": 647538973, "risk_level": "\u0645\u0647\u062f\u062f \u0628\u0627\u0644\u063a\u0645\u0631 (High Risk)", "risk_color": "#FF9100", "distance_to_stream_m": 29.3, "closest_stream_order": 2, "est_flood_depth_m": 0.5, "building_name": "\u0645\u0628\u0646\u0649 \u0633\u0643\u0646\u064a"}, "geometry": {"type": "Polygon", "coordinates": [[[44.0103, 13.58957], [44.01031, 13.58965], [44.01044, 13.58963], [44.01044, 13.58955], [44.0103, 13.58957]]]}}, {"type": "Feature", "properties": {"building_id": 647538974, "risk_level": "\u0645\u0646\u0637\u0642\u0629 \u0622\u0645\u0646\u0629 (Safe High Ground)", "risk_color": "#00E676", "distance_to_stream_m": 79.1, "closest_stream_order": 1, "est_flood_depth_m": 0.0, "building_name": "\u0645\u0628\u0646\u0649 \u0633\u0643\u0646\u064a"}, "geometry": {"type": "Polygon", "coordinates": [[[44.01018, 13.58909], [44.01026, 13.58911], [44.01027, 13.58905], [44.01019, 13.58903], [44.01018, 13.58909]]]}}, {"type": "Feature", "properties": {"building_id": 647538975, "risk_level": "\u0645\u0646\u0637\u0642\u0629 \u0622\u0645\u0646\u0629 (Safe High Ground)", "risk_color": "#00E676", "distance_to_stream_m": 73.4, "closest_stream_order": 2, "est_flood_depth_m": 0.0, "building_name": "\u0645\u0628\u0646\u0649 \u0633\u0643\u0646\u064a"}, "geometry": {"type": "Polygon", "coordinates": [[[44.01018, 13.58914], [44.01019, 13.58922], [44.01027, 13.58922], [44.01027, 13.58913], [44.01018, 13.58914]]]}}, {"type": "Feature", "properties": {"building_id": 647538976, "risk_level": "\u0645\u0646\u0637\u0642\u0629 \u0622\u0645\u0646\u0629 (Safe High Ground)", "risk_color": "#00E676", "distance_to_stream_m": 60.8, "closest_stream_order": 1, "est_flood_depth_m": 0.0, "building_name": "\u0645\u0628\u0646\u0649 \u0633\u0643\u0646\u064a"}, "geometry": {"type": "Polygon", "coordinates": [[[44.01031, 13.58916], [44.01033, 13.58921], [44.01043, 13.58916], [44.0104, 13.58911], [44.01031, 13.58916]]]}}, {"type": "Feature", "properties": {"building_id": 647538977, "risk_level": "\u062a\u0623\u062b\u0631 \u0645\u062a\u0648\u0633\u0637 (Moderate Risk)", "risk_color": "#FFEA00", "distance_to_stream_m": 51.3, "closest_stream_order": 1, "est_flood_depth_m": 0.2, "building_name": "\u0645\u0628\u0646\u0649 \u0633\u0643\u0646\u064a"}, "geometry": {"type": "Polygon", "coordinates": [[[44.01065, 13.58868], [44.01075, 13.58868], [44.01075, 13.58859], [44.01066, 13.58859], [44.01065, 13.58868]]]}}, {"type": "Feature", "properties": {"building_id": 647538978, "risk_level": "\u0645\u0646\u0637\u0642\u0629 \u0622\u0645\u0646\u0629 (Safe High Ground)", "risk_color": "#00E676", "distance_to_stream_m": 138.4, "closest_stream_order": 1, "est_flood_depth_m": 0.0, "building_name": "\u0645\u0628\u0646\u0649 \u0633\u0643\u0646\u064a"}, "geometry": {"type": "Polygon", "coordinates": [[[44.00985, 13.58833], [44.00979, 13.58844], [44.00987, 13.58848], [44.00989, 13.58849], [44.00995, 13.58838], [44.00985, 13.58833]]]}}, {"type": "Feature", "properties": {"building_id": 647538979, "risk_level": "\u0645\u0646\u0637\u0642\u0629 \u0622\u0645\u0646\u0629 (Safe High Ground)", "risk_color": "#00E676", "distance_to_stream_m": 97.7, "closest_stream_order": 1, "est_flood_depth_m": 0.0, "building_name": "\u0645\u0628\u0646\u0649 \u0633\u0643\u0646\u064a"}, "geometry": {"type": "Polygon", "coordinates": [[[44.01023, 13.58829], [44.0102, 13.58835], [44.01024, 13.58837], [44.01027, 13.58831], [44.01023, 13.58829]]]}}, {"type": "Feature", "properties": {"building_id": 647538980, "risk_level": "\u0645\u0646\u0637\u0642\u0629 \u0622\u0645\u0646\u0629 (Safe High Ground)", "risk_color": "#00E676", "distance_to_stream_m": 109.4, "closest_stream_order": 1, "est_flood_depth_m": 0.0, "building_name": "\u0645\u0628\u0646\u0649 \u0633\u0643\u0646\u064a"}, "geometry": {"type": "Polygon", "coordinates": [[[44.01009, 13.58867], [44.0102, 13.58867], [44.0102, 13.58856], [44.01009, 13.58856], [44.01009, 13.58867]]]}}, {"type": "Feature", "properties": {"building_id": 647538981, "risk_level": "\u0645\u0646\u0637\u0642\u0629 \u0622\u0645\u0646\u0629 (Safe High Ground)", "risk_color": "#00E676", "distance_to_stream_m": 74.0, "closest_stream_order": 1, "est_flood_depth_m": 0.0, "building_name": "\u0645\u0628\u0646\u0649 \u0633\u0643\u0646\u064a"}, "geometry": {"type": "Polygon", "coordinates": [[[44.01042, 13.58834], [44.01038, 13.58845], [44.01048, 13.58849], [44.01053, 13.58838], [44.01042, 13.58834]]]}}, {"type": "Feature", "properties": {"building_id": 647538982, "risk_level": "\u0645\u0646\u0637\u0642\u0629 \u0622\u0645\u0646\u0629 (Safe High Ground)", "risk_color": "#00E676", "distance_to_stream_m": 80.3, "closest_stream_order": 1, "est_flood_depth_m": 0.0, "building_name": "\u0645\u0628\u0646\u0649 \u0633\u0643\u0646\u064a"}, "geometry": {"type": "Polygon", "coordinates": [[[44.01036, 13.58816], [44.01031, 13.58823], [44.01038, 13.58828], [44.01044, 13.58821], [44.01036, 13.58816]]]}}, {"type": "Feature", "properties": {"building_id": 647538983, "risk_level": "\u0645\u0646\u0637\u0642\u0629 \u0622\u0645\u0646\u0629 (Safe High Ground)", "risk_color": "#00E676", "distance_to_stream_m": 94.0, "closest_stream_order": 1, "est_flood_depth_m": 0.0, "building_name": "\u0645\u0628\u0646\u0649 \u0633\u0643\u0646\u064a"}, "geometry": {"type": "Polygon", "coordinates": [[[44.01208, 13.5885], [44.0122, 13.58851], [44.01221, 13.58839], [44.01209, 13.58838], [44.01208, 13.5885]]]}}, {"type": "Feature", "properties": {"building_id": 647538984, "risk_level": "\u0645\u0646\u0637\u0642\u0629 \u0622\u0645\u0646\u0629 (Safe High Ground)", "risk_color": "#00E676", "distance_to_stream_m": 110.5, "closest_stream_order": 1, "est_flood_depth_m": 0.0, "building_name": "\u0645\u0628\u0646\u0649 \u0633\u0643\u0646\u064a"}, "geometry": {"type": "Polygon", "coordinates": [[[44.01239, 13.58876], [44.01232, 13.58881], [44.01238, 13.58891], [44.01245, 13.58886], [44.01239, 13.58876]]]}}, {"type": "Feature", "properties": {"building_id": 647538985, "risk_level": "\u0645\u0646\u0637\u0642\u0629 \u0622\u0645\u0646\u0629 (Safe High Ground)", "risk_color": "#00E676", "distance_to_stream_m": 105.1, "closest_stream_order": 1, "est_flood_depth_m": 0.0, "building_name": "\u0645\u0628\u0646\u0649 \u0633\u0643\u0646\u064a"}, "geometry": {"type": "Polygon", "coordinates": [[[44.01225, 13.58869], [44.01229, 13.58876], [44.01237, 13.58872], [44.01233, 13.58865], [44.01225, 13.58869]]]}}, {"type": "Feature", "properties": {"building_id": 647538986, "risk_level": "\u0645\u0646\u0637\u0642\u0629 \u0622\u0645\u0646\u0629 (Safe High Ground)", "risk_color": "#00E676", "distance_to_stream_m": 98.5, "closest_stream_order": 1, "est_flood_depth_m": 0.0, "building_name": "\u0645\u0628\u0646\u0649 \u0633\u0643\u0646\u064a"}, "geometry": {"type": "Polygon", "coordinates": [[[44.01222, 13.58894], [44.01227, 13.589], [44.01235, 13.58894], [44.0123, 13.58888], [44.01222, 13.58894]]]}}, {"type": "Feature", "properties": {"building_id": 647538987, "risk_level": "\u0645\u0646\u0637\u0642\u0629 \u0622\u0645\u0646\u0629 (Safe High Ground)", "risk_color": "#00E676", "distance_to_stream_m": 93.9, "closest_stream_order": 1, "est_flood_depth_m": 0.0, "building_name": "\u0645\u0628\u0646\u0649 \u0633\u0643\u0646\u064a"}, "geometry": {"type": "Polygon", "coordinates": [[[44.01218, 13.58889], [44.01222, 13.58894], [44.0123, 13.58888], [44.01226, 13.58883], [44.01218, 13.58889]]]}}, {"type": "Feature", "properties": {"building_id": 647538988, "risk_level": "\u0645\u0646\u0637\u0642\u0629 \u0622\u0645\u0646\u0629 (Safe High Ground)", "risk_color": "#00E676", "distance_to_stream_m": 64.8, "closest_stream_order": 1, "est_flood_depth_m": 0.0, "building_name": "\u0645\u0628\u0646\u0649 \u0633\u0643\u0646\u064a"}, "geometry": {"type": "Polygon", "coordinates": [[[44.01187, 13.58874], [44.01198, 13.58873], [44.01197, 13.58865], [44.01186, 13.58866], [44.01187, 13.58874]]]}}, {"type": "Feature", "properties": {"building_id": 647538989, "risk_level": "\u0645\u0646\u0637\u0642\u0629 \u0622\u0645\u0646\u0629 (Safe High Ground)", "risk_color": "#00E676", "distance_to_stream_m": 67.9, "closest_stream_order": 1, "est_flood_depth_m": 0.0, "building_name": "\u0645\u0628\u0646\u0649 \u0633\u0643\u0646\u064a"}, "geometry": {"type": "Polygon", "coordinates": [[[44.01195, 13.58885], [44.01206, 13.58879], [44.01201, 13.58872], [44.01191, 13.58878], [44.01195, 13.58885]]]}}, {"type": "Feature", "properties": {"building_id": 647538990, "risk_level": "\u0645\u0646\u0637\u0642\u0629 \u0622\u0645\u0646\u0629 (Safe High Ground)", "risk_color": "#00E676", "distance_to_stream_m": 71.5, "closest_stream_order": 1, "est_flood_depth_m": 0.0, "building_name": "\u0645\u0628\u0646\u0649 \u0633\u0643\u0646\u064a"}, "geometry": {"type": "Polygon", "coordinates": [[[44.012, 13.58894], [44.01212, 13.58887], [44.01207, 13.58879], [44.01195, 13.58885], [44.012, 13.58894]]]}}, {"type": "Feature", "properties": {"building_id": 647538991, "risk_level": "\u0645\u0646\u0637\u0642\u0629 \u0622\u0645\u0646\u0629 (Safe High Ground)", "risk_color": "#00E676", "distance_to_stream_m": 77.7, "closest_stream_order": 1, "est_flood_depth_m": 0.0, "building_name": "\u0645\u0628\u0646\u0649 \u0633\u0643\u0646\u064a"}, "geometry": {"type": "Polygon", "coordinates": [[[44.01201, 13.58897], [44.01206, 13.58905], [44.01219, 13.58898], [44.01214, 13.5889], [44.01201, 13.58897]]]}}, {"type": "Feature", "properties": {"building_id": 647538992, "risk_level": "\u0645\u0647\u062f\u062f \u0628\u0627\u0644\u063a\u0645\u0631 (High Risk)", "risk_color": "#FF9100", "distance_to_stream_m": 10.4, "closest_stream_order": 1, "est_flood_depth_m": 0.5, "building_name": "\u0645\u0628\u0646\u0649 \u0633\u0643\u0646\u064a"}, "geometry": {"type": "Polygon", "coordinates": [[[44.01088, 13.58912], [44.01081, 13.58913], [44.01081, 13.58921], [44.01089, 13.5892], [44.01088, 13.58912]]]}}, {"type": "Feature", "properties": {"building_id": 647538993, "risk_level": "\u0645\u0647\u062f\u062f \u0628\u0627\u0644\u063a\u0645\u0631 (High Risk)", "risk_color": "#FF9100", "distance_to_stream_m": 8.9, "closest_stream_order": 1, "est_flood_depth_m": 0.5, "building_name": "\u0645\u0628\u0646\u0649 \u0633\u0643\u0646\u064a"}, "geometry": {"type": "Polygon", "coordinates": [[[44.01124, 13.58917], [44.0113, 13.58918], [44.01132, 13.58906], [44.01126, 13.58905], [44.01124, 13.58917]]]}}, {"type": "Feature", "properties": {"building_id": 647538994, "risk_level": "\u0645\u0646\u0637\u0642\u0629 \u0622\u0645\u0646\u0629 (Safe High Ground)", "risk_color": "#00E676", "distance_to_stream_m": 126.3, "closest_stream_order": 1, "est_flood_depth_m": 0.0, "building_name": "\u0645\u0628\u0646\u0649 \u0633\u0643\u0646\u064a"}, "geometry": {"type": "Polygon", "coordinates": [[[44.01208, 13.59008], [44.01212, 13.59004], [44.01208, 13.59], [44.01204, 13.59004], [44.01208, 13.59008]]]}}, {"type": "Feature", "properties": {"building_id": 647539002, "risk_level": "\u0645\u0646\u0637\u0642\u0629 \u0622\u0645\u0646\u0629 (Safe High Ground)", "risk_color": "#00E676", "distance_to_stream_m": 100.7, "closest_stream_order": 1, "est_flood_depth_m": 0.0, "building_name": "\u0645\u0628\u0646\u0649 \u0633\u0643\u0646\u064a"}, "geometry": {"type": "Polygon", "coordinates": [[[44.01247, 13.59005], [44.01255, 13.58997], [44.01249, 13.58992], [44.01242, 13.59], [44.01247, 13.59005]]]}}, {"type": "Feature", "properties": {"building_id": 647539003, "risk_level": "\u0645\u0646\u0637\u0642\u0629 \u0622\u0645\u0646\u0629 (Safe High Ground)", "risk_color": "#00E676", "distance_to_stream_m": 116.4, "closest_stream_order": 1, "est_flood_depth_m": 0.0, "building_name": "\u0645\u0628\u0646\u0649 \u0633\u0643\u0646\u064a"}, "geometry": {"type": "Polygon", "coordinates": [[[44.01197, 13.58983], [44.01208, 13.58987], [44.01211, 13.5898], [44.012, 13.58976], [44.01197, 13.58983]]]}}, {"type": "Feature", "properties": {"building_id": 647539004, "risk_level": "\u0645\u0646\u0637\u0642\u0629 \u0622\u0645\u0646\u0629 (Safe High Ground)", "risk_color": "#00E676", "distance_to_stream_m": 131.6, "closest_stream_order": 1, "est_flood_depth_m": 0.0, "building_name": "\u0645\u0628\u0646\u0649 \u0633\u0643\u0646\u064a"}, "geometry": {"type": "Polygon", "coordinates": [[[44.0123, 13.58985], [44.01235, 13.58973], [44.01226, 13.58969], [44.01221, 13.58981], [44.0123, 13.58985]]]}}, {"type": "Feature", "properties": {"building_id": 647539005, "risk_level": "\u0645\u0646\u0637\u0642\u0629 \u0622\u0645\u0646\u0629 (Safe High Ground)", "risk_color": "#00E676", "distance_to_stream_m": 116.1, "closest_stream_order": 1, "est_flood_depth_m": 0.0, "building_name": "\u0645\u0628\u0646\u0649 \u0633\u0643\u0646\u064a"}, "geometry": {"type": "Polygon", "coordinates": [[[44.01237, 13.58996], [44.01242, 13.58989], [44.01236, 13.58984], [44.0123, 13.58992], [44.01237, 13.58996]]]}}, {"type": "Feature", "properties": {"building_id": 648244205, "risk_level": "\u062a\u0623\u062b\u0631 \u0645\u062a\u0648\u0633\u0637 (Moderate Risk)", "risk_color": "#FFEA00", "distance_to_stream_m": 56.8, "closest_stream_order": 3, "est_flood_depth_m": 0.2, "building_name": "\u0645\u0628\u0646\u0649 \u0633\u0643\u0646\u064a"}, "geometry": {"type": "Polygon", "coordinates": [[[44.00839, 13.58831], [44.00848, 13.58831], [44.00848, 13.58822], [44.00839, 13.58822], [44.00839, 13.58831]]]}}, {"type": "Feature", "properties": {"building_id": 648244206, "risk_level": "\u062a\u0623\u062b\u0631 \u0645\u062a\u0648\u0633\u0637 (Moderate Risk)", "risk_color": "#FFEA00", "distance_to_stream_m": 36.3, "closest_stream_order": 3, "est_flood_depth_m": 0.2, "building_name": "\u0645\u0628\u0646\u0649 \u0633\u0643\u0646\u064a"}, "geometry": {"type": "Polygon", "coordinates": [[[44.00819, 13.58834], [44.00819, 13.58843], [44.00833, 13.58845], [44.00833, 13.58836], [44.00819, 13.58834]]]}}, {"type": "Feature", "properties": {"building_id": 648244207, "risk_level": "\u062a\u0623\u062b\u0631 \u0645\u062a\u0648\u0633\u0637 (Moderate Risk)", "risk_color": "#FFEA00", "distance_to_stream_m": 43.6, "closest_stream_order": 3, "est_flood_depth_m": 0.2, "building_name": "\u0645\u0628\u0646\u0649 \u0633\u0643\u0646\u064a"}, "geometry": {"type": "Polygon", "coordinates": [[[44.00828, 13.58833], [44.00836, 13.58833], [44.00836, 13.58824], [44.00828, 13.58824], [44.00828, 13.58833]]]}}, {"type": "Feature", "properties": {"building_id": 648244208, "risk_level": "\u0645\u0646\u0637\u0642\u0629 \u0622\u0645\u0646\u0629 (Safe High Ground)", "risk_color": "#00E676", "distance_to_stream_m": 65.7, "closest_stream_order": 3, "est_flood_depth_m": 0.0, "building_name": "\u0645\u0628\u0646\u0649 \u0633\u0643\u0646\u064a"}, "geometry": {"type": "Polygon", "coordinates": [[[44.00911, 13.58907], [44.00914, 13.58917], [44.00924, 13.58914], [44.00921, 13.58904], [44.00911, 13.58907]]]}}, {"type": "Feature", "properties": {"building_id": 648244209, "risk_level": "\u062a\u0623\u062b\u0631 \u0645\u062a\u0648\u0633\u0637 (Moderate Risk)", "risk_color": "#FFEA00", "distance_to_stream_m": 54.2, "closest_stream_order": 3, "est_flood_depth_m": 0.2, "building_name": "\u0645\u0628\u0646\u0649 \u0633\u0643\u0646\u064a"}, "geometry": {"type": "Polygon", "coordinates": [[[44.00902, 13.58901], [44.00894, 13.58906], [44.00904, 13.5892], [44.00912, 13.58915], [44.00902, 13.58901]]]}}, {"type": "Feature", "properties": {"building_id": 648244210, "risk_level": "\u0645\u0646\u0637\u0642\u0629 \u0622\u0645\u0646\u0629 (Safe High Ground)", "risk_color": "#00E676", "distance_to_stream_m": 105.4, "closest_stream_order": 3, "est_flood_depth_m": 0.0, "building_name": "\u0645\u0628\u0646\u0649 \u0633\u0643\u0646\u064a"}, "geometry": {"type": "Polygon", "coordinates": [[[44.00937, 13.58886], [44.00943, 13.5889], [44.00948, 13.58883], [44.00941, 13.58879], [44.00937, 13.58886]]]}}, {"type": "Feature", "properties": {"building_id": 648244211, "risk_level": "\u062a\u0623\u062b\u0631 \u0645\u062a\u0648\u0633\u0637 (Moderate Risk)", "risk_color": "#FFEA00", "distance_to_stream_m": 55.7, "closest_stream_order": 3, "est_flood_depth_m": 0.2, "building_name": "\u0645\u0628\u0646\u0649 \u0633\u0643\u0646\u064a"}, "geometry": {"type": "Polygon", "coordinates": [[[44.00887, 13.5889], [44.00899, 13.58887], [44.00895, 13.58875], [44.00883, 13.58878], [44.00887, 13.5889]]]}}, {"type": "Feature", "properties": {"building_id": 648244212, "risk_level": "\u0645\u0646\u0637\u0642\u0629 \u0622\u0645\u0646\u0629 (Safe High Ground)", "risk_color": "#00E676", "distance_to_stream_m": 70.8, "closest_stream_order": 3, "est_flood_depth_m": 0.0, "building_name": "\u0645\u0628\u0646\u0649 \u0633\u0643\u0646\u064a"}, "geometry": {"type": "Polygon", "coordinates": [[[44.00844, 13.58812], [44.00854, 13.58812], [44.00853, 13.58795], [44.00843, 13.58795], [44.00844, 13.58812]]]}}, {"type": "Feature", "properties": {"building_id": 648244213, "risk_level": "\u062a\u0623\u062b\u0631 \u0645\u062a\u0648\u0633\u0637 (Moderate Risk)", "risk_color": "#FFEA00", "distance_to_stream_m": 46.9, "closest_stream_order": 3, "est_flood_depth_m": 0.2, "building_name": "\u0645\u0628\u0646\u0649 \u0633\u0643\u0646\u064a"}, "geometry": {"type": "Polygon", "coordinates": [[[44.00809, 13.588], [44.00809, 13.58807], [44.00833, 13.58806], [44.00832, 13.58799], [44.00809, 13.588]]]}}, {"type": "Feature", "properties": {"building_id": 648244214, "risk_level": "\u0645\u0647\u062f\u062f \u0628\u0627\u0644\u063a\u0645\u0631 (High Risk)", "risk_color": "#FF9100", "distance_to_stream_m": 28.5, "closest_stream_order": 1, "est_flood_depth_m": 0.5, "building_name": "\u0645\u0628\u0646\u0649 \u0633\u0643\u0646\u064a"}, "geometry": {"type": "Polygon", "coordinates": [[[44.00769, 13.58775], [44.00769, 13.58785], [44.00786, 13.58785], [44.00787, 13.58775], [44.00769, 13.58775]]]}}, {"type": "Feature", "properties": {"building_id": 648244215, "risk_level": "\u0645\u0647\u062f\u062f \u0628\u0627\u0644\u063a\u0645\u0631 (High Risk)", "risk_color": "#FF9100", "distance_to_stream_m": 19.5, "closest_stream_order": 1, "est_flood_depth_m": 0.5, "building_name": "\u0645\u0628\u0646\u0649 \u0633\u0643\u0646\u064a"}, "geometry": {"type": "Polygon", "coordinates": [[[44.00746, 13.58734], [44.00742, 13.58727], [44.0074, 13.58728], [44.00744, 13.58736], [44.00746, 13.58734]]]}}, {"type": "Feature", "properties": {"building_id": 648244217, "risk_level": "\u0645\u0647\u062f\u062f \u0628\u0627\u0644\u063a\u0645\u0631 (High Risk)", "risk_color": "#FF9100", "distance_to_stream_m": 18.4, "closest_stream_order": 3, "est_flood_depth_m": 0.5, "building_name": "\u0645\u0628\u0646\u0649 \u0633\u0643\u0646\u064a"}, "geometry": {"type": "Polygon", "coordinates": [[[44.00719, 13.58745], [44.00724, 13.58752], [44.0073, 13.58749], [44.00725, 13.58742], [44.00719, 13.58745]]]}}, {"type": "Feature", "properties": {"building_id": 648244218, "risk_level": "\u062e\u0637\u0631 \u0648\u0634\u064a\u0643 \u0645\u0628\u0627\u0634\u0631 (Imminent Danger)", "risk_color": "#FF1744", "distance_to_stream_m": 12.2, "closest_stream_order": 3, "est_flood_depth_m": 1.2, "building_name": "\u0645\u0628\u0646\u0649 \u0633\u0643\u0646\u064a"}, "geometry": {"type": "Polygon", "coordinates": [[[44.00719, 13.58745], [44.00715, 13.58747], [44.0072, 13.58755], [44.0072, 13.58755], [44.00724, 13.58752], [44.00719, 13.58745]]]}}, {"type": "Feature", "properties": {"building_id": 648244219, "risk_level": "\u0645\u0647\u062f\u062f \u0628\u0627\u0644\u063a\u0645\u0631 (High Risk)", "risk_color": "#FF9100", "distance_to_stream_m": 17.0, "closest_stream_order": 3, "est_flood_depth_m": 0.5, "building_name": "\u0645\u0628\u0646\u0649 \u0633\u0643\u0646\u064a"}, "geometry": {"type": "Polygon", "coordinates": [[[44.00713, 13.58735], [44.00717, 13.58744], [44.00724, 13.5874], [44.00719, 13.58732], [44.00713, 13.58735]]]}}, {"type": "Feature", "properties": {"building_id": 648244220, "risk_level": "\u062e\u0637\u0631 \u0648\u0634\u064a\u0643 \u0645\u0628\u0627\u0634\u0631 (Imminent Danger)", "risk_color": "#FF1744", "distance_to_stream_m": 10.8, "closest_stream_order": 3, "est_flood_depth_m": 1.2, "building_name": "\u0645\u0628\u0646\u0649 \u0633\u0643\u0646\u064a"}, "geometry": {"type": "Polygon", "coordinates": [[[44.00701, 13.58728], [44.00707, 13.58737], [44.00723, 13.58728], [44.00718, 13.58719], [44.00701, 13.58728]]]}}, {"type": "Feature", "properties": {"building_id": 648244221, "risk_level": "\u0645\u0647\u062f\u062f \u0628\u0627\u0644\u063a\u0645\u0631 (High Risk)", "risk_color": "#FF9100", "distance_to_stream_m": 20.6, "closest_stream_order": 2, "est_flood_depth_m": 0.5, "building_name": "\u0645\u0628\u0646\u0649 \u0633\u0643\u0646\u064a"}, "geometry": {"type": "Polygon", "coordinates": [[[44.00723, 13.58717], [44.00734, 13.58712], [44.0073, 13.58705], [44.00719, 13.58711], [44.00723, 13.58717]]]}}, {"type": "Feature", "properties": {"building_id": 648244222, "risk_level": "\u062a\u0623\u062b\u0631 \u0645\u062a\u0648\u0633\u0637 (Moderate Risk)", "risk_color": "#FFEA00", "distance_to_stream_m": 36.0, "closest_stream_order": 2, "est_flood_depth_m": 0.2, "building_name": "\u0645\u0628\u0646\u0649 \u0633\u0643\u0646\u064a"}, "geometry": {"type": "Polygon", "coordinates": [[[44.00736, 13.58715], [44.00744, 13.58716], [44.00745, 13.58706], [44.00736, 13.58705], [44.00736, 13.58715]]]}}, {"type": "Feature", "properties": {"building_id": 648244223, "risk_level": "\u0645\u0647\u062f\u062f \u0628\u0627\u0644\u063a\u0645\u0631 (High Risk)", "risk_color": "#FF9100", "distance_to_stream_m": 25.4, "closest_stream_order": 3, "est_flood_depth_m": 0.5, "building_name": "\u0645\u0628\u0646\u0649 \u0633\u0643\u0646\u064a"}, "geometry": {"type": "Polygon", "coordinates": [[[44.00728, 13.58726], [44.00735, 13.58722], [44.00732, 13.58716], [44.00725, 13.5872], [44.00728, 13.58726]]]}}, {"type": "Feature", "properties": {"building_id": 648244224, "risk_level": "\u0645\u0647\u062f\u062f \u0628\u0627\u0644\u063a\u0645\u0631 (High Risk)", "risk_color": "#FF9100", "distance_to_stream_m": 27.4, "closest_stream_order": 1, "est_flood_depth_m": 0.5, "building_name": "\u0645\u0628\u0646\u0649 \u0633\u0643\u0646\u064a"}, "geometry": {"type": "Polygon", "coordinates": [[[44.00747, 13.58722], [44.00756, 13.58722], [44.00756, 13.58713], [44.00747, 13.58713], [44.00747, 13.58722]]]}}, {"type": "Feature", "properties": {"building_id": 648244225, "risk_level": "\u0645\u0647\u062f\u062f \u0628\u0627\u0644\u063a\u0645\u0631 (High Risk)", "risk_color": "#FF9100", "distance_to_stream_m": 17.6, "closest_stream_order": 1, "est_flood_depth_m": 0.5, "building_name": "\u0645\u0628\u0646\u0649 \u0633\u0643\u0646\u064a"}, "geometry": {"type": "Polygon", "coordinates": [[[44.00757, 13.58724], [44.00763, 13.58724], [44.00763, 13.58719], [44.00757, 13.58719], [44.00757, 13.58724]]]}}, {"type": "Feature", "properties": {"building_id": 648244226, "risk_level": "\u0645\u0647\u062f\u062f \u0628\u0627\u0644\u063a\u0645\u0631 (High Risk)", "risk_color": "#FF9100", "distance_to_stream_m": 7.6, "closest_stream_order": 1, "est_flood_depth_m": 0.5, "building_name": "\u0645\u0628\u0646\u0649 \u0633\u0643\u0646\u064a"}, "geometry": {"type": "Polygon", "coordinates": [[[44.00764, 13.58732], [44.00772, 13.58732], [44.00773, 13.5872], [44.00764, 13.5872], [44.00764, 13.58732]]]}}, {"type": "Feature", "properties": {"building_id": 648244227, "risk_level": "\u0645\u0647\u062f\u062f \u0628\u0627\u0644\u063a\u0645\u0631 (High Risk)", "risk_color": "#FF9100", "distance_to_stream_m": 17.1, "closest_stream_order": 1, "est_flood_depth_m": 0.5, "building_name": "\u0645\u0628\u0646\u0649 \u0633\u0643\u0646\u064a"}, "geometry": {"type": "Polygon", "coordinates": [[[44.00785, 13.58737], [44.00797, 13.58738], [44.00797, 13.58732], [44.00786, 13.58731], [44.00785, 13.58737]]]}}, {"type": "Feature", "properties": {"building_id": 648244228, "risk_level": "\u0645\u0647\u062f\u062f \u0628\u0627\u0644\u063a\u0645\u0631 (High Risk)", "risk_color": "#FF9100", "distance_to_stream_m": 20.7, "closest_stream_order": 1, "est_flood_depth_m": 0.5, "building_name": "\u0645\u0628\u0646\u0649 \u0633\u0643\u0646\u064a"}, "geometry": {"type": "Polygon", "coordinates": [[[44.00745, 13.5873], [44.00754, 13.58727], [44.00753, 13.58724], [44.00742, 13.58726], [44.00745, 13.5873]]]}}, {"type": "Feature", "properties": {"building_id": 648244229, "risk_level": "\u0645\u0647\u062f\u062f \u0628\u0627\u0644\u063a\u0645\u0631 (High Risk)", "risk_color": "#FF9100", "distance_to_stream_m": 14.3, "closest_stream_order": 1, "est_flood_depth_m": 0.5, "building_name": "\u0645\u0628\u0646\u0649 \u0633\u0643\u0646\u064a"}, "geometry": {"type": "Polygon", "coordinates": [[[44.00748, 13.58736], [44.00758, 13.58732], [44.00755, 13.58727], [44.00746, 13.58731], [44.00748, 13.58736]]]}}, {"type": "Feature", "properties": {"building_id": 648244230, "risk_level": "\u0645\u0647\u062f\u062f \u0628\u0627\u0644\u063a\u0645\u0631 (High Risk)", "risk_color": "#FF9100", "distance_to_stream_m": 6.0, "closest_stream_order": 1, "est_flood_depth_m": 0.5, "building_name": "\u0645\u0628\u0646\u0649 \u0633\u0643\u0646\u064a"}, "geometry": {"type": "Polygon", "coordinates": [[[44.00754, 13.58744], [44.00761, 13.5874], [44.00758, 13.58734], [44.00751, 13.58737], [44.00754, 13.58744]]]}}, {"type": "Feature", "properties": {"building_id": 648244231, "risk_level": "\u0645\u0647\u062f\u062f \u0628\u0627\u0644\u063a\u0645\u0631 (High Risk)", "risk_color": "#FF9100", "distance_to_stream_m": 6.8, "closest_stream_order": 1, "est_flood_depth_m": 0.5, "building_name": "\u0645\u0628\u0646\u0649 \u0633\u0643\u0646\u064a"}, "geometry": {"type": "Polygon", "coordinates": [[[44.00757, 13.58756], [44.00766, 13.58751], [44.00763, 13.58745], [44.00754, 13.58749], [44.00757, 13.58756]]]}}, {"type": "Feature", "properties": {"building_id": 648244232, "risk_level": "\u0645\u0647\u062f\u062f \u0628\u0627\u0644\u063a\u0645\u0631 (High Risk)", "risk_color": "#FF9100", "distance_to_stream_m": 10.9, "closest_stream_order": 1, "est_flood_depth_m": 0.5, "building_name": "\u0645\u0628\u0646\u0649 \u0633\u0643\u0646\u064a"}, "geometry": {"type": "Polygon", "coordinates": [[[44.00761, 13.58767], [44.00772, 13.58764], [44.00769, 13.58757], [44.00759, 13.5876], [44.00761, 13.58767]]]}}, {"type": "Feature", "properties": {"building_id": 648244233, "risk_level": "\u0645\u0647\u062f\u062f \u0628\u0627\u0644\u063a\u0645\u0631 (High Risk)", "risk_color": "#FF9100", "distance_to_stream_m": 9.5, "closest_stream_order": 1, "est_flood_depth_m": 0.5, "building_name": "\u0645\u0628\u0646\u0649 \u0633\u0643\u0646\u064a"}, "geometry": {"type": "Polygon", "coordinates": [[[44.0074, 13.58784], [44.00747, 13.58793], [44.00766, 13.58781], [44.00759, 13.58772], [44.0074, 13.58784]]]}}, {"type": "Feature", "properties": {"building_id": 648244234, "risk_level": "\u0645\u0647\u062f\u062f \u0628\u0627\u0644\u063a\u0645\u0631 (High Risk)", "risk_color": "#FF9100", "distance_to_stream_m": 7.7, "closest_stream_order": 1, "est_flood_depth_m": 0.5, "building_name": "\u0645\u0628\u0646\u0649 \u0633\u0643\u0646\u064a"}, "geometry": {"type": "Polygon", "coordinates": [[[44.00732, 13.58772], [44.00736, 13.5878], [44.00752, 13.58772], [44.00747, 13.58763], [44.00732, 13.58772]]]}}, {"type": "Feature", "properties": {"building_id": 648244235, "risk_level": "\u0645\u0647\u062f\u062f \u0628\u0627\u0644\u063a\u0645\u0631 (High Risk)", "risk_color": "#FF9100", "distance_to_stream_m": 15.9, "closest_stream_order": 3, "est_flood_depth_m": 0.5, "building_name": "\u0645\u0628\u0646\u0649 \u0633\u0643\u0646\u064a"}, "geometry": {"type": "Polygon", "coordinates": [[[44.0072, 13.58755], [44.00727, 13.58768], [44.00741, 13.58761], [44.00734, 13.58747], [44.00724, 13.58752], [44.0072, 13.58755]]]}}, {"type": "Feature", "properties": {"building_id": 648244236, "risk_level": "\u0645\u0647\u062f\u062f \u0628\u0627\u0644\u063a\u0645\u0631 (High Risk)", "risk_color": "#FF9100", "distance_to_stream_m": 20.3, "closest_stream_order": 1, "est_flood_depth_m": 0.5, "building_name": "\u0645\u0628\u0646\u0649 \u0633\u0643\u0646\u064a"}, "geometry": {"type": "Polygon", "coordinates": [[[44.00778, 13.58748], [44.00791, 13.5875], [44.00793, 13.58741], [44.00779, 13.58739], [44.00778, 13.58748]]]}}, {"type": "Feature", "properties": {"building_id": 648244237, "risk_level": "\u062a\u0623\u062b\u0631 \u0645\u062a\u0648\u0633\u0637 (Moderate Risk)", "risk_color": "#FFEA00", "distance_to_stream_m": 31.7, "closest_stream_order": 1, "est_flood_depth_m": 0.2, "building_name": "\u0645\u0628\u0646\u0649 \u0633\u0643\u0646\u064a"}, "geometry": {"type": "Polygon", "coordinates": [[[44.00775, 13.58764], [44.00793, 13.58767], [44.00795, 13.58754], [44.00777, 13.58752], [44.00775, 13.58764]]]}}, {"type": "Feature", "properties": {"building_id": 648244238, "risk_level": "\u0645\u0647\u062f\u062f \u0628\u0627\u0644\u063a\u0645\u0631 (High Risk)", "risk_color": "#FF9100", "distance_to_stream_m": 20.8, "closest_stream_order": 3, "est_flood_depth_m": 0.5, "building_name": "\u0645\u0628\u0646\u0649 \u0633\u0643\u0646\u064a"}, "geometry": {"type": "Polygon", "coordinates": [[[44.00766, 13.58805], [44.0079, 13.58804], [44.0079, 13.58785], [44.00765, 13.58786], [44.00766, 13.58805]]]}}, {"type": "Feature", "properties": {"building_id": 648244239, "risk_level": "\u0645\u0646\u0637\u0642\u0629 \u0622\u0645\u0646\u0629 (Safe High Ground)", "risk_color": "#00E676", "distance_to_stream_m": 152.8, "closest_stream_order": 3, "est_flood_depth_m": 0.0, "building_name": "\u0645\u0628\u0646\u0649 \u0633\u0643\u0646\u064a"}, "geometry": {"type": "Polygon", "coordinates": [[[44.00927, 13.58815], [44.00937, 13.58815], [44.00935, 13.58782], [44.00925, 13.58783], [44.00927, 13.58815]]]}}, {"type": "Feature", "properties": {"building_id": 648244240, "risk_level": "\u0645\u0647\u062f\u062f \u0628\u0627\u0644\u063a\u0645\u0631 (High Risk)", "risk_color": "#FF9100", "distance_to_stream_m": 7.0, "closest_stream_order": 1, "est_flood_depth_m": 0.5, "building_name": "\u0645\u0628\u0646\u0649 \u0633\u0643\u0646\u064a"}, "geometry": {"type": "Polygon", "coordinates": [[[44.01097, 13.58763], [44.01108, 13.58766], [44.0111, 13.58757], [44.01099, 13.58754], [44.01097, 13.58763]]]}}, {"type": "Feature", "properties": {"building_id": 648244241, "risk_level": "\u062a\u0623\u062b\u0631 \u0645\u062a\u0648\u0633\u0637 (Moderate Risk)", "risk_color": "#FFEA00", "distance_to_stream_m": 50.1, "closest_stream_order": 1, "est_flood_depth_m": 0.2, "building_name": "\u0645\u0628\u0646\u0649 \u0633\u0643\u0646\u064a"}, "geometry": {"type": "Polygon", "coordinates": [[[44.01036, 13.5873], [44.01035, 13.58734], [44.01039, 13.5874], [44.01048, 13.58745], [44.01054, 13.58733], [44.01036, 13.5873]]]}}, {"type": "Feature", "properties": {"building_id": 648244242, "risk_level": "\u0645\u0647\u062f\u062f \u0628\u0627\u0644\u063a\u0645\u0631 (High Risk)", "risk_color": "#FF9100", "distance_to_stream_m": 16.6, "closest_stream_order": 1, "est_flood_depth_m": 0.5, "building_name": "\u0645\u0628\u0646\u0649 \u0633\u0643\u0646\u064a"}, "geometry": {"type": "Polygon", "coordinates": [[[44.01084, 13.58753], [44.01087, 13.58741], [44.01072, 13.58737], [44.01069, 13.5875], [44.01084, 13.58753]]]}}, {"type": "Feature", "properties": {"building_id": 648244243, "risk_level": "\u0645\u0647\u062f\u062f \u0628\u0627\u0644\u063a\u0645\u0631 (High Risk)", "risk_color": "#FF9100", "distance_to_stream_m": 7.2, "closest_stream_order": 1, "est_flood_depth_m": 0.5, "building_name": "\u0645\u0628\u0646\u0649 \u0633\u0643\u0646\u064a"}, "geometry": {"type": "Polygon", "coordinates": [[[44.01098, 13.58742], [44.01096, 13.58749], [44.01108, 13.58752], [44.0111, 13.58744], [44.01098, 13.58742]]]}}, {"type": "Feature", "properties": {"building_id": 648244244, "risk_level": "\u0645\u0647\u062f\u062f \u0628\u0627\u0644\u063a\u0645\u0631 (High Risk)", "risk_color": "#FF9100", "distance_to_stream_m": 23.1, "closest_stream_order": 1, "est_flood_depth_m": 0.5, "building_name": "\u0645\u0628\u0646\u0649 \u0633\u0643\u0646\u064a"}, "geometry": {"type": "Polygon", "coordinates": [[[44.01112, 13.5872], [44.0111, 13.58728], [44.01119, 13.58729], [44.01121, 13.58722], [44.01112, 13.5872]]]}}, {"type": "Feature", "properties": {"building_id": 648244245, "risk_level": "\u062a\u0623\u062b\u0631 \u0645\u062a\u0648\u0633\u0637 (Moderate Risk)", "risk_color": "#FFEA00", "distance_to_stream_m": 43.1, "closest_stream_order": 1, "est_flood_depth_m": 0.2, "building_name": "\u0645\u0628\u0646\u0649 \u0633\u0643\u0646\u064a"}, "geometry": {"type": "Polygon", "coordinates": [[[44.01116, 13.58704], [44.01127, 13.58707], [44.0113, 13.58694], [44.01119, 13.58691], [44.01116, 13.58704]]]}}, {"type": "Feature", "properties": {"building_id": 648244246, "risk_level": "\u062a\u0623\u062b\u0631 \u0645\u062a\u0648\u0633\u0637 (Moderate Risk)", "risk_color": "#FFEA00", "distance_to_stream_m": 34.7, "closest_stream_order": 1, "est_flood_depth_m": 0.2, "building_name": "\u0645\u0628\u0646\u0649 \u0633\u0643\u0646\u064a"}, "geometry": {"type": "Polygon", "coordinates": [[[44.01113, 13.58717], [44.01123, 13.5872], [44.01126, 13.58708], [44.01116, 13.58705], [44.01113, 13.58717]]]}}, {"type": "Feature", "properties": {"building_id": 648244247, "risk_level": "\u0645\u0647\u062f\u062f \u0628\u0627\u0644\u063a\u0645\u0631 (High Risk)", "risk_color": "#FF9100", "distance_to_stream_m": 7.3, "closest_stream_order": 1, "est_flood_depth_m": 0.5, "building_name": "\u0645\u0628\u0646\u0649 \u0633\u0643\u0646\u064a"}, "geometry": {"type": "Polygon", "coordinates": [[[44.01087, 13.58728], [44.01099, 13.58731], [44.01103, 13.58718], [44.01091, 13.58715], [44.01087, 13.58728]]]}}, {"type": "Feature", "properties": {"building_id": 648244248, "risk_level": "\u0645\u0647\u062f\u062f \u0628\u0627\u0644\u063a\u0645\u0631 (High Risk)", "risk_color": "#FF9100", "distance_to_stream_m": 11.2, "closest_stream_order": 1, "est_flood_depth_m": 0.5, "building_name": "\u0645\u0628\u0646\u0649 \u0633\u0643\u0646\u064a"}, "geometry": {"type": "Polygon", "coordinates": [[[44.0109, 13.58704], [44.01089, 13.5871], [44.01101, 13.58713], [44.01103, 13.58708], [44.0109, 13.58704]]]}}, {"type": "Feature", "properties": {"building_id": 648244249, "risk_level": "\u0645\u0647\u062f\u062f \u0628\u0627\u0644\u063a\u0645\u0631 (High Risk)", "risk_color": "#FF9100", "distance_to_stream_m": 26.2, "closest_stream_order": 1, "est_flood_depth_m": 0.5, "building_name": "\u0645\u0628\u0646\u0649 \u0633\u0643\u0646\u064a"}, "geometry": {"type": "Polygon", "coordinates": [[[44.0109, 13.58698], [44.01105, 13.58703], [44.01109, 13.5869], [44.01095, 13.58685], [44.0109, 13.58698]]]}}, {"type": "Feature", "properties": {"building_id": 648244250, "risk_level": "\u0645\u0647\u062f\u062f \u0628\u0627\u0644\u063a\u0645\u0631 (High Risk)", "risk_color": "#FF9100", "distance_to_stream_m": 8.1, "closest_stream_order": 1, "est_flood_depth_m": 0.5, "building_name": "\u0645\u0628\u0646\u0649 \u0633\u0643\u0646\u064a"}, "geometry": {"type": "Polygon", "coordinates": [[[44.01054, 13.58695], [44.01064, 13.58696], [44.01065, 13.58689], [44.01055, 13.58688], [44.01054, 13.58695]]]}}, {"type": "Feature", "properties": {"building_id": 648244251, "risk_level": "\u0645\u0647\u062f\u062f \u0628\u0627\u0644\u063a\u0645\u0631 (High Risk)", "risk_color": "#FF9100", "distance_to_stream_m": 5.4, "closest_stream_order": 1, "est_flood_depth_m": 0.5, "building_name": "\u0645\u0628\u0646\u0649 \u0633\u0643\u0646\u064a"}, "geometry": {"type": "Polygon", "coordinates": [[[44.01065, 13.5869], [44.01076, 13.58692], [44.01078, 13.58684], [44.01067, 13.58681], [44.01065, 13.5869]]]}}, {"type": "Feature", "properties": {"building_id": 648244252, "risk_level": "\u0645\u0647\u062f\u062f \u0628\u0627\u0644\u063a\u0645\u0631 (High Risk)", "risk_color": "#FF9100", "distance_to_stream_m": 6.4, "closest_stream_order": 1, "est_flood_depth_m": 0.5, "building_name": "\u0645\u0628\u0646\u0649 \u0633\u0643\u0646\u064a"}, "geometry": {"type": "Polygon", "coordinates": [[[44.01073, 13.58702], [44.01084, 13.58704], [44.01086, 13.58696], [44.01075, 13.58694], [44.01073, 13.58702]]]}}, {"type": "Feature", "properties": {"building_id": 648244253, "risk_level": "\u0645\u0647\u062f\u062f \u0628\u0627\u0644\u063a\u0645\u0631 (High Risk)", "risk_color": "#FF9100", "distance_to_stream_m": 5.7, "closest_stream_order": 1, "est_flood_depth_m": 0.5, "building_name": "\u0645\u0628\u0646\u0649 \u0633\u0643\u0646\u064a"}, "geometry": {"type": "Polygon", "coordinates": [[[44.0107, 13.58714], [44.01079, 13.58716], [44.01082, 13.58708], [44.01073, 13.58705], [44.0107, 13.58714]]]}}, {"type": "Feature", "properties": {"building_id": 648244254, "risk_level": "\u0645\u0647\u062f\u062f \u0628\u0627\u0644\u063a\u0645\u0631 (High Risk)", "risk_color": "#FF9100", "distance_to_stream_m": 22.2, "closest_stream_order": 1, "est_flood_depth_m": 0.5, "building_name": "\u0645\u0628\u0646\u0649 \u0633\u0643\u0646\u064a"}, "geometry": {"type": "Polygon", "coordinates": [[[44.0105, 13.58711], [44.0106, 13.58714], [44.01061, 13.58709], [44.01052, 13.58706], [44.0105, 13.58711]]]}}, {"type": "Feature", "properties": {"building_id": 648244255, "risk_level": "\u062a\u0623\u062b\u0631 \u0645\u062a\u0648\u0633\u0637 (Moderate Risk)", "risk_color": "#FFEA00", "distance_to_stream_m": 30.1, "closest_stream_order": 1, "est_flood_depth_m": 0.2, "building_name": "\u0645\u0628\u0646\u0649 \u0633\u0643\u0646\u064a"}, "geometry": {"type": "Polygon", "coordinates": [[[44.01047, 13.58722], [44.01057, 13.58724], [44.01059, 13.58716], [44.01049, 13.58713], [44.01047, 13.58722]]]}}, {"type": "Feature", "properties": {"building_id": 648244256, "risk_level": "\u0645\u0647\u062f\u062f \u0628\u0627\u0644\u063a\u0645\u0631 (High Risk)", "risk_color": "#FF9100", "distance_to_stream_m": 6.7, "closest_stream_order": 1, "est_flood_depth_m": 0.5, "building_name": "\u0645\u0628\u0646\u0649 \u0633\u0643\u0646\u064a"}, "geometry": {"type": "Polygon", "coordinates": [[[44.00997, 13.58666], [44.00996, 13.58674], [44.01008, 13.58676], [44.01009, 13.58668], [44.00997, 13.58666]]]}}, {"type": "Feature", "properties": {"building_id": 648244257, "risk_level": "\u0645\u0647\u062f\u062f \u0628\u0627\u0644\u063a\u0645\u0631 (High Risk)", "risk_color": "#FF9100", "distance_to_stream_m": 5.8, "closest_stream_order": 1, "est_flood_depth_m": 0.5, "building_name": "\u0645\u0628\u0646\u0649 \u0633\u0643\u0646\u064a"}, "geometry": {"type": "Polygon", "coordinates": [[[44.01008, 13.58675], [44.0102, 13.58677], [44.01021, 13.58669], [44.01009, 13.58667], [44.01009, 13.58668], [44.01008, 13.58675]]]}}, {"type": "Feature", "properties": {"building_id": 648244258, "risk_level": "\u0645\u0647\u062f\u062f \u0628\u0627\u0644\u063a\u0645\u0631 (High Risk)", "risk_color": "#FF9100", "distance_to_stream_m": 8.6, "closest_stream_order": 1, "est_flood_depth_m": 0.5, "building_name": "\u0645\u0628\u0646\u0649 \u0633\u0643\u0646\u064a"}, "geometry": {"type": "Polygon", "coordinates": [[[44.01021, 13.58671], [44.0102, 13.58678], [44.01028, 13.58679], [44.01028, 13.58679], [44.0103, 13.58672], [44.01021, 13.58671]]]}}, {"type": "Feature", "properties": {"building_id": 648244259, "risk_level": "\u0645\u0647\u062f\u062f \u0628\u0627\u0644\u063a\u0645\u0631 (High Risk)", "risk_color": "#FF9100", "distance_to_stream_m": 6.5, "closest_stream_order": 1, "est_flood_depth_m": 0.5, "building_name": "\u0645\u0628\u0646\u0649 \u0633\u0643\u0646\u064a"}, "geometry": {"type": "Polygon", "coordinates": [[[44.01038, 13.58681], [44.01051, 13.58684], [44.01053, 13.58675], [44.0104, 13.58672], [44.01038, 13.58681]]]}}, {"type": "Feature", "properties": {"building_id": 648244260, "risk_level": "\u0645\u0647\u062f\u062f \u0628\u0627\u0644\u063a\u0645\u0631 (High Risk)", "risk_color": "#FF9100", "distance_to_stream_m": 7.4, "closest_stream_order": 1, "est_flood_depth_m": 0.5, "building_name": "\u0645\u0628\u0646\u0649 \u0633\u0643\u0646\u064a"}, "geometry": {"type": "Polygon", "coordinates": [[[44.0103, 13.58669], [44.0103, 13.58672], [44.01028, 13.58679], [44.01038, 13.58681], [44.0104, 13.58672], [44.0104, 13.58671], [44.0103, 13.58669]]]}}, {"type": "Feature", "properties": {"building_id": 648244261, "risk_level": "\u0645\u0647\u062f\u062f \u0628\u0627\u0644\u063a\u0645\u0631 (High Risk)", "risk_color": "#FF9100", "distance_to_stream_m": 16.4, "closest_stream_order": 1, "est_flood_depth_m": 0.5, "building_name": "\u0645\u0628\u0646\u0649 \u0633\u0643\u0646\u064a"}, "geometry": {"type": "Polygon", "coordinates": [[[44.01004, 13.58688], [44.01016, 13.58684], [44.01014, 13.58676], [44.01001, 13.58679], [44.01004, 13.58688]]]}}, {"type": "Feature", "properties": {"building_id": 648244262, "risk_level": "\u0645\u0647\u062f\u062f \u0628\u0627\u0644\u063a\u0645\u0631 (High Risk)", "risk_color": "#FF9100", "distance_to_stream_m": 18.6, "closest_stream_order": 1, "est_flood_depth_m": 0.5, "building_name": "\u0645\u0628\u0646\u0649 \u0633\u0643\u0646\u064a"}, "geometry": {"type": "Polygon", "coordinates": [[[44.00996, 13.58677], [44.00999, 13.58689], [44.01004, 13.58688], [44.01001, 13.58676], [44.00996, 13.58677]]]}}, {"type": "Feature", "properties": {"building_id": 648244263, "risk_level": "\u0645\u0646\u0637\u0642\u0629 \u0622\u0645\u0646\u0629 (Safe High Ground)", "risk_color": "#00E676", "distance_to_stream_m": 69.3, "closest_stream_order": 1, "est_flood_depth_m": 0.0, "building_name": "\u0645\u0628\u0646\u0649 \u0633\u0643\u0646\u064a"}, "geometry": {"type": "Polygon", "coordinates": [[[44.009, 13.58657], [44.009, 13.58665], [44.00909, 13.58665], [44.00909, 13.58657], [44.009, 13.58657]]]}}, {"type": "Feature", "properties": {"building_id": 648244264, "risk_level": "\u0645\u0646\u0637\u0642\u0629 \u0622\u0645\u0646\u0629 (Safe High Ground)", "risk_color": "#00E676", "distance_to_stream_m": 60.4, "closest_stream_order": 1, "est_flood_depth_m": 0.0, "building_name": "\u0645\u0628\u0646\u0649 \u0633\u0643\u0646\u064a"}, "geometry": {"type": "Polygon", "coordinates": [[[44.00908, 13.58655], [44.00909, 13.58664], [44.00918, 13.58664], [44.00917, 13.58654], [44.00908, 13.58655]]]}}, {"type": "Feature", "properties": {"building_id": 648244265, "risk_level": "\u0645\u0647\u062f\u062f \u0628\u0627\u0644\u063a\u0645\u0631 (High Risk)", "risk_color": "#FF9100", "distance_to_stream_m": 26.1, "closest_stream_order": 1, "est_flood_depth_m": 0.5, "building_name": "\u0645\u0628\u0646\u0649 \u0633\u0643\u0646\u064a"}, "geometry": {"type": "Polygon", "coordinates": [[[44.00971, 13.58673], [44.00978, 13.58672], [44.00978, 13.58662], [44.0097, 13.58662], [44.00971, 13.58673]]]}}, {"type": "Feature", "properties": {"building_id": 648244266, "risk_level": "\u062a\u0623\u062b\u0631 \u0645\u062a\u0648\u0633\u0637 (Moderate Risk)", "risk_color": "#FFEA00", "distance_to_stream_m": 54.4, "closest_stream_order": 1, "est_flood_depth_m": 0.2, "building_name": "\u0645\u0628\u0646\u0649 \u0633\u0643\u0646\u064a"}, "geometry": {"type": "Polygon", "coordinates": [[[44.0093, 13.58671], [44.0094, 13.58683], [44.00946, 13.58677], [44.00937, 13.58668], [44.0093, 13.58671]]]}}, {"type": "Feature", "properties": {"building_id": 648244267, "risk_level": "\u0645\u0647\u062f\u062f \u0628\u0627\u0644\u063a\u0645\u0631 (High Risk)", "risk_color": "#FF9100", "distance_to_stream_m": 22.0, "closest_stream_order": 1, "est_flood_depth_m": 0.5, "building_name": "\u0645\u0628\u0646\u0649 \u0633\u0643\u0646\u064a"}, "geometry": {"type": "Polygon", "coordinates": [[[44.00957, 13.58656], [44.00965, 13.58661], [44.00969, 13.58654], [44.00961, 13.5865], [44.00957, 13.58656]]]}}, {"type": "Feature", "properties": {"building_id": 648244268, "risk_level": "\u062a\u0623\u062b\u0631 \u0645\u062a\u0648\u0633\u0637 (Moderate Risk)", "risk_color": "#FFEA00", "distance_to_stream_m": 41.6, "closest_stream_order": 1, "est_flood_depth_m": 0.2, "building_name": "\u0645\u0628\u0646\u0649 \u0633\u0643\u0646\u064a"}, "geometry": {"type": "Polygon", "coordinates": [[[44.0096, 13.58679], [44.00968, 13.58684], [44.00971, 13.58679], [44.00964, 13.58674], [44.0096, 13.58679]]]}}, {"type": "Feature", "properties": {"building_id": 648244269, "risk_level": "\u062a\u0623\u062b\u0631 \u0645\u062a\u0648\u0633\u0637 (Moderate Risk)", "risk_color": "#FFEA00", "distance_to_stream_m": 37.6, "closest_stream_order": 1, "est_flood_depth_m": 0.2, "building_name": "\u0645\u0628\u0646\u0649 \u0633\u0643\u0646\u064a"}, "geometry": {"type": "Polygon", "coordinates": [[[44.0095, 13.58671], [44.00959, 13.58677], [44.00966, 13.58666], [44.00957, 13.5866], [44.0095, 13.58671]]]}}, {"type": "Feature", "properties": {"building_id": 648244270, "risk_level": "\u062a\u0623\u062b\u0631 \u0645\u062a\u0648\u0633\u0637 (Moderate Risk)", "risk_color": "#FFEA00", "distance_to_stream_m": 33.4, "closest_stream_order": 1, "est_flood_depth_m": 0.2, "building_name": "\u0645\u0628\u0646\u0649 \u0633\u0643\u0646\u064a"}, "geometry": {"type": "Polygon", "coordinates": [[[44.00972, 13.58683], [44.00981, 13.58682], [44.0098, 13.58674], [44.00971, 13.58675], [44.00972, 13.58683]]]}}, {"type": "Feature", "properties": {"building_id": 648244271, "risk_level": "\u062a\u0623\u062b\u0631 \u0645\u062a\u0648\u0633\u0637 (Moderate Risk)", "risk_color": "#FFEA00", "distance_to_stream_m": 42.1, "closest_stream_order": 1, "est_flood_depth_m": 0.2, "building_name": "\u0645\u0628\u0646\u0649 \u0633\u0643\u0646\u064a"}, "geometry": {"type": "Polygon", "coordinates": [[[44.00969, 13.58686], [44.00971, 13.58694], [44.00981, 13.58692], [44.0098, 13.58684], [44.00969, 13.58686]]]}}, {"type": "Feature", "properties": {"building_id": 648244272, "risk_level": "\u062a\u0623\u062b\u0631 \u0645\u062a\u0648\u0633\u0637 (Moderate Risk)", "risk_color": "#FFEA00", "distance_to_stream_m": 37.9, "closest_stream_order": 1, "est_flood_depth_m": 0.2, "building_name": "\u0645\u0628\u0646\u0649 \u0633\u0643\u0646\u064a"}, "geometry": {"type": "Polygon", "coordinates": [[[44.00838, 13.58705], [44.00843, 13.58709], [44.00848, 13.58703], [44.00843, 13.58699], [44.00838, 13.58705]]]}}, {"type": "Feature", "properties": {"building_id": 648244273, "risk_level": "\u0645\u0647\u062f\u062f \u0628\u0627\u0644\u063a\u0645\u0631 (High Risk)", "risk_color": "#FF9100", "distance_to_stream_m": 25.2, "closest_stream_order": 1, "est_flood_depth_m": 0.5, "building_name": "\u0645\u0628\u0646\u0649 \u0633\u0643\u0646\u064a"}, "geometry": {"type": "Polygon", "coordinates": [[[44.00833, 13.58687], [44.00839, 13.58697], [44.00854, 13.58688], [44.00847, 13.58678], [44.00833, 13.58687]]]}}, {"type": "Feature", "properties": {"building_id": 648244274, "risk_level": "\u062a\u0623\u062b\u0631 \u0645\u062a\u0648\u0633\u0637 (Moderate Risk)", "risk_color": "#FFEA00", "distance_to_stream_m": 40.3, "closest_stream_order": 1, "est_flood_depth_m": 0.2, "building_name": "\u0645\u0628\u0646\u0649 \u0633\u0643\u0646\u064a"}, "geometry": {"type": "Polygon", "coordinates": [[[44.0085, 13.587], [44.0086, 13.58699], [44.00859, 13.58691], [44.00849, 13.58692], [44.0085, 13.587]]]}}, {"type": "Feature", "properties": {"building_id": 648244275, "risk_level": "\u0645\u0646\u0637\u0642\u0629 \u0622\u0645\u0646\u0629 (Safe High Ground)", "risk_color": "#00E676", "distance_to_stream_m": 72.0, "closest_stream_order": 1, "est_flood_depth_m": 0.0, "building_name": "\u0645\u0628\u0646\u0649 \u0633\u0643\u0646\u064a"}, "geometry": {"type": "Polygon", "coordinates": [[[44.00855, 13.58726], [44.00857, 13.58735], [44.00868, 13.58732], [44.00865, 13.58723], [44.00855, 13.58726]]]}}, {"type": "Feature", "properties": {"building_id": 648244276, "risk_level": "\u0645\u0646\u0637\u0642\u0629 \u0622\u0645\u0646\u0629 (Safe High Ground)", "risk_color": "#00E676", "distance_to_stream_m": 68.5, "closest_stream_order": 1, "est_flood_depth_m": 0.0, "building_name": "\u0645\u0628\u0646\u0649 \u0633\u0643\u0646\u064a"}, "geometry": {"type": "Polygon", "coordinates": [[[44.00842, 13.58736], [44.00848, 13.58744], [44.00856, 13.58738], [44.0085, 13.5873], [44.00842, 13.58736]]]}}, {"type": "Feature", "properties": {"building_id": 648244277, "risk_level": "\u0645\u0646\u0637\u0642\u0629 \u0622\u0645\u0646\u0629 (Safe High Ground)", "risk_color": "#00E676", "distance_to_stream_m": 128.7, "closest_stream_order": 1, "est_flood_depth_m": 0.0, "building_name": "\u0645\u0628\u0646\u0649 \u0633\u0643\u0646\u064a"}, "geometry": {"type": "Polygon", "coordinates": [[[44.00913, 13.58743], [44.00917, 13.58749], [44.00923, 13.58746], [44.00918, 13.58739], [44.00913, 13.58743]]]}}, {"type": "Feature", "properties": {"building_id": 648244278, "risk_level": "\u0645\u0646\u0637\u0642\u0629 \u0622\u0645\u0646\u0629 (Safe High Ground)", "risk_color": "#00E676", "distance_to_stream_m": 117.4, "closest_stream_order": 1, "est_flood_depth_m": 0.0, "building_name": "\u0645\u0628\u0646\u0649 \u0633\u0643\u0646\u064a"}, "geometry": {"type": "Polygon", "coordinates": [[[44.00906, 13.58734], [44.00913, 13.58741], [44.00917, 13.58737], [44.00911, 13.5873], [44.00906, 13.58734]]]}}, {"type": "Feature", "properties": {"building_id": 648244279, "risk_level": "\u0645\u0646\u0637\u0642\u0629 \u0622\u0645\u0646\u0629 (Safe High Ground)", "risk_color": "#00E676", "distance_to_stream_m": 109.3, "closest_stream_order": 1, "est_flood_depth_m": 0.0, "building_name": "\u0645\u0628\u0646\u0649 \u0633\u0643\u0646\u064a"}, "geometry": {"type": "Polygon", "coordinates": [[[44.00973, 13.58767], [44.00981, 13.58765], [44.00978, 13.58754], [44.0097, 13.58756], [44.00973, 13.58767]]]}}, {"type": "Feature", "properties": {"building_id": 648244280, "risk_level": "\u0645\u0646\u0637\u0642\u0629 \u0622\u0645\u0646\u0629 (Safe High Ground)", "risk_color": "#00E676", "distance_to_stream_m": 119.9, "closest_stream_order": 1, "est_flood_depth_m": 0.0, "building_name": "\u0645\u0628\u0646\u0649 \u0633\u0643\u0646\u064a"}, "geometry": {"type": "Polygon", "coordinates": [[[44.00978, 13.58778], [44.00989, 13.58777], [44.00989, 13.58768], [44.00978, 13.58768], [44.00978, 13.58778]]]}}, {"type": "Feature", "properties": {"building_id": 648244281, "risk_level": "\u0645\u0646\u0637\u0642\u0629 \u0622\u0645\u0646\u0629 (Safe High Ground)", "risk_color": "#00E676", "distance_to_stream_m": 120.8, "closest_stream_order": 1, "est_flood_depth_m": 0.0, "building_name": "\u0645\u0628\u0646\u0649 \u0633\u0643\u0646\u064a"}, "geometry": {"type": "Polygon", "coordinates": [[[44.00986, 13.58789], [44.00994, 13.58788], [44.00993, 13.58778], [44.00985, 13.58778], [44.00986, 13.58789]]]}}, {"type": "Feature", "properties": {"building_id": 648244282, "risk_level": "\u0645\u0646\u0637\u0642\u0629 \u0622\u0645\u0646\u0629 (Safe High Ground)", "risk_color": "#00E676", "distance_to_stream_m": 133.9, "closest_stream_order": 1, "est_flood_depth_m": 0.0, "building_name": "\u0645\u0628\u0646\u0649 \u0633\u0643\u0646\u064a"}, "geometry": {"type": "Polygon", "coordinates": [[[44.00972, 13.5878], [44.00973, 13.58793], [44.00983, 13.58792], [44.00982, 13.58779], [44.00972, 13.5878]]]}}, {"type": "Feature", "properties": {"building_id": 648244283, "risk_level": "\u0645\u0646\u0637\u0642\u0629 \u0622\u0645\u0646\u0629 (Safe High Ground)", "risk_color": "#00E676", "distance_to_stream_m": 136.2, "closest_stream_order": 1, "est_flood_depth_m": 0.0, "building_name": "\u0645\u0628\u0646\u0649 \u0633\u0643\u0646\u064a"}, "geometry": {"type": "Polygon", "coordinates": [[[44.00934, 13.58779], [44.00952, 13.58775], [44.00949, 13.58763], [44.00931, 13.58767], [44.00934, 13.58779]]]}}, {"type": "Feature", "properties": {"building_id": 648244284, "risk_level": "\u0645\u0646\u0637\u0642\u0629 \u0622\u0645\u0646\u0629 (Safe High Ground)", "risk_color": "#00E676", "distance_to_stream_m": 96.9, "closest_stream_order": 1, "est_flood_depth_m": 0.0, "building_name": "\u0645\u0628\u0646\u0649 \u0633\u0643\u0646\u064a"}, "geometry": {"type": "Polygon", "coordinates": [[[44.01004, 13.58777], [44.01006, 13.58786], [44.01018, 13.58784], [44.01016, 13.58775], [44.01004, 13.58777]]]}}, {"type": "Feature", "properties": {"building_id": 648244285, "risk_level": "\u0645\u0646\u0637\u0642\u0629 \u0622\u0645\u0646\u0629 (Safe High Ground)", "risk_color": "#00E676", "distance_to_stream_m": 106.9, "closest_stream_order": 1, "est_flood_depth_m": 0.0, "building_name": "\u0645\u0628\u0646\u0649 \u0633\u0643\u0646\u064a"}, "geometry": {"type": "Polygon", "coordinates": [[[44.0101, 13.588], [44.01013, 13.58791], [44.01002, 13.58787], [44.00999, 13.58797], [44.0101, 13.588]]]}}, {"type": "Feature", "properties": {"building_id": 648244286, "risk_level": "\u0645\u0646\u0637\u0642\u0629 \u0622\u0645\u0646\u0629 (Safe High Ground)", "risk_color": "#00E676", "distance_to_stream_m": 148.1, "closest_stream_order": 1, "est_flood_depth_m": 0.0, "building_name": "\u0645\u0628\u0646\u0649 \u0633\u0643\u0646\u064a"}, "geometry": {"type": "Polygon", "coordinates": [[[44.00966, 13.5882], [44.00973, 13.58824], [44.00978, 13.58816], [44.00971, 13.58812], [44.00966, 13.5882]]]}}, {"type": "Feature", "properties": {"building_id": 648244287, "risk_level": "\u0645\u0646\u0637\u0642\u0629 \u0622\u0645\u0646\u0629 (Safe High Ground)", "risk_color": "#00E676", "distance_to_stream_m": 124.4, "closest_stream_order": 3, "est_flood_depth_m": 0.0, "building_name": "\u0645\u0628\u0646\u0649 \u0633\u0643\u0646\u064a"}, "geometry": {"type": "Polygon", "coordinates": [[[44.00927, 13.58843], [44.0094, 13.58846], [44.00944, 13.58835], [44.0093, 13.58831], [44.00927, 13.58843]]]}}, {"type": "Feature", "properties": {"building_id": 781434217, "risk_level": "\u062a\u0623\u062b\u0631 \u0645\u062a\u0648\u0633\u0637 (Moderate Risk)", "risk_color": "#FFEA00", "distance_to_stream_m": 37.3, "closest_stream_order": 1, "est_flood_depth_m": 0.2, "building_name": "\u0645\u0628\u0646\u0649 \u0633\u0643\u0646\u064a"}, "geometry": {"type": "Polygon", "coordinates": [[[44.00513, 13.58649], [44.00493, 13.58648], [44.00493, 13.58651], [44.00496, 13.58651], [44.00495, 13.58655], [44.0051, 13.58657], [44.00511, 13.58654], [44.00513, 13.58653], [44.00513, 13.58649]]]}}, {"type": "Feature", "properties": {"building_id": 781434267, "risk_level": "\u0645\u0647\u062f\u062f \u0628\u0627\u0644\u063a\u0645\u0631 (High Risk)", "risk_color": "#FF9100", "distance_to_stream_m": 15.8, "closest_stream_order": 1, "est_flood_depth_m": 0.5, "building_name": "\u064a"}, "geometry": {"type": "Polygon", "coordinates": [[[44.00511, 13.58647], [44.00532, 13.58648], [44.00534, 13.58644], [44.00531, 13.58636], [44.00528, 13.58631], [44.00521, 13.58625], [44.00511, 13.58647]]]}}, {"type": "Feature", "properties": {"building_id": 781434657, "risk_level": "\u0645\u0647\u062f\u062f \u0628\u0627\u0644\u063a\u0645\u0631 (High Risk)", "risk_color": "#FF9100", "distance_to_stream_m": 24.1, "closest_stream_order": 2, "est_flood_depth_m": 0.5, "building_name": "\u0645\u0628\u0646\u0649 \u0633\u0643\u0646\u064a"}, "geometry": {"type": "Polygon", "coordinates": [[[44.00598, 13.58576], [44.00606, 13.58578], [44.00605, 13.58585], [44.00597, 13.58583], [44.00598, 13.58576]]]}}, {"type": "Feature", "properties": {"building_id": 781435334, "risk_level": "\u0645\u0647\u062f\u062f \u0628\u0627\u0644\u063a\u0645\u0631 (High Risk)", "risk_color": "#FF9100", "distance_to_stream_m": 28.3, "closest_stream_order": 1, "est_flood_depth_m": 0.5, "building_name": "\u0645\u0628\u0646\u0649 \u0633\u0643\u0646\u064a"}, "geometry": {"type": "Polygon", "coordinates": [[[44.00595, 13.58556], [44.00604, 13.58549], [44.0061, 13.58555], [44.006, 13.58561], [44.00595, 13.58556]]]}}, {"type": "Feature", "properties": {"building_id": 781435335, "risk_level": "\u0645\u0647\u062f\u062f \u0628\u0627\u0644\u063a\u0645\u0631 (High Risk)", "risk_color": "#FF9100", "distance_to_stream_m": 14.0, "closest_stream_order": 2, "est_flood_depth_m": 0.5, "building_name": "\u0645\u0628\u0646\u0649 \u0633\u0643\u0646\u064a"}, "geometry": {"type": "Polygon", "coordinates": [[[44.00633, 13.58549], [44.00647, 13.58545], [44.00649, 13.58558], [44.00637, 13.58562], [44.00633, 13.58549]]]}}, {"type": "Feature", "properties": {"building_id": 781435336, "risk_level": "\u0645\u0647\u062f\u062f \u0628\u0627\u0644\u063a\u0645\u0631 (High Risk)", "risk_color": "#FF9100", "distance_to_stream_m": 16.9, "closest_stream_order": 2, "est_flood_depth_m": 0.5, "building_name": "\u0645\u0628\u0646\u0649 \u0633\u0643\u0646\u064a"}, "geometry": {"type": "Polygon", "coordinates": [[[44.00626, 13.58571], [44.00636, 13.58566], [44.00633, 13.58561], [44.0063, 13.58555], [44.0062, 13.58562], [44.00623, 13.58565], [44.00626, 13.58571]]]}}, {"type": "Feature", "properties": {"building_id": 781435337, "risk_level": "\u0645\u0647\u062f\u062f \u0628\u0627\u0644\u063a\u0645\u0631 (High Risk)", "risk_color": "#FF9100", "distance_to_stream_m": 12.6, "closest_stream_order": 2, "est_flood_depth_m": 0.5, "building_name": "\u0645\u0628\u0646\u0649 \u0633\u0643\u0646\u064a"}, "geometry": {"type": "Polygon", "coordinates": [[[44.00599, 13.58589], [44.00609, 13.5859], [44.00606, 13.58601], [44.00596, 13.58599], [44.00599, 13.58589]]]}}, {"type": "Feature", "properties": {"building_id": 781435338, "risk_level": "\u0645\u0647\u062f\u062f \u0628\u0627\u0644\u063a\u0645\u0631 (High Risk)", "risk_color": "#FF9100", "distance_to_stream_m": 22.2, "closest_stream_order": 2, "est_flood_depth_m": 0.5, "building_name": "\u0645\u0628\u0646\u0649 \u0633\u0643\u0646\u064a"}, "geometry": {"type": "Polygon", "coordinates": [[[44.0059, 13.58587], [44.00597, 13.58588], [44.00595, 13.58598], [44.00589, 13.58596], [44.0059, 13.58587]]]}}, {"type": "Feature", "properties": {"building_id": 781435339, "risk_level": "\u0645\u0647\u062f\u062f \u0628\u0627\u0644\u063a\u0645\u0631 (High Risk)", "risk_color": "#FF9100", "distance_to_stream_m": 6.6, "closest_stream_order": 1, "est_flood_depth_m": 0.5, "building_name": "\u0645\u0628\u0646\u0649 \u0633\u0643\u0646\u064a"}, "geometry": {"type": "Polygon", "coordinates": [[[44.00574, 13.58572], [44.00577, 13.58565], [44.00576, 13.58564], [44.00577, 13.58563], [44.00568, 13.58559], [44.00565, 13.5857], [44.00574, 13.58572]]]}}, {"type": "Feature", "properties": {"building_id": 781435340, "risk_level": "\u0645\u0647\u062f\u062f \u0628\u0627\u0644\u063a\u0645\u0631 (High Risk)", "risk_color": "#FF9100", "distance_to_stream_m": 15.4, "closest_stream_order": 1, "est_flood_depth_m": 0.5, "building_name": "\u0645\u0628\u0646\u0649 \u0633\u0643\u0646\u064a"}, "geometry": {"type": "Polygon", "coordinates": [[[44.00566, 13.58559], [44.00557, 13.58556], [44.00555, 13.58567], [44.00553, 13.58575], [44.00561, 13.58575], [44.00563, 13.58568], [44.00566, 13.58559]]]}}, {"type": "Feature", "properties": {"building_id": 781435341, "risk_level": "\u062a\u0623\u062b\u0631 \u0645\u062a\u0648\u0633\u0637 (Moderate Risk)", "risk_color": "#FFEA00", "distance_to_stream_m": 39.6, "closest_stream_order": 1, "est_flood_depth_m": 0.2, "building_name": "\u0645\u0628\u0646\u0649 \u0633\u0643\u0646\u064a"}, "geometry": {"type": "Polygon", "coordinates": [[[44.00611, 13.58554], [44.00617, 13.58548], [44.00605, 13.58535], [44.00598, 13.58541], [44.00611, 13.58554]]]}}, {"type": "Feature", "properties": {"building_id": 781435342, "risk_level": "\u062a\u0623\u062b\u0631 \u0645\u062a\u0648\u0633\u0637 (Moderate Risk)", "risk_color": "#FFEA00", "distance_to_stream_m": 50.8, "closest_stream_order": 2, "est_flood_depth_m": 0.2, "building_name": "\u0645\u0628\u0646\u0649 \u0633\u0643\u0646\u064a"}, "geometry": {"type": "Polygon", "coordinates": [[[44.00606, 13.58533], [44.00612, 13.58528], [44.0062, 13.58536], [44.00613, 13.58541], [44.00606, 13.58533]]]}}, {"type": "Feature", "properties": {"building_id": 781435343, "risk_level": "\u062a\u0623\u062b\u0631 \u0645\u062a\u0648\u0633\u0637 (Moderate Risk)", "risk_color": "#FFEA00", "distance_to_stream_m": 43.0, "closest_stream_order": 2, "est_flood_depth_m": 0.2, "building_name": "\u0645\u0628\u0646\u0649 \u0633\u0643\u0646\u064a"}, "geometry": {"type": "Polygon", "coordinates": [[[44.00614, 13.58526], [44.00622, 13.58519], [44.00628, 13.58528], [44.00623, 13.58534], [44.0062, 13.58531], [44.00614, 13.58526]]]}}, {"type": "Feature", "properties": {"building_id": 781435344, "risk_level": "\u0645\u0647\u062f\u062f \u0628\u0627\u0644\u063a\u0645\u0631 (High Risk)", "risk_color": "#FF9100", "distance_to_stream_m": 23.7, "closest_stream_order": 1, "est_flood_depth_m": 0.5, "building_name": "\u0645\u0628\u0646\u0649 \u0633\u0643\u0646\u064a"}, "geometry": {"type": "Polygon", "coordinates": [[[44.00631, 13.58513], [44.00641, 13.58524], [44.00646, 13.58519], [44.00637, 13.58508], [44.00631, 13.58513]]]}}, {"type": "Feature", "properties": {"building_id": 781435345, "risk_level": "\u062a\u0623\u062b\u0631 \u0645\u062a\u0648\u0633\u0637 (Moderate Risk)", "risk_color": "#FFEA00", "distance_to_stream_m": 30.1, "closest_stream_order": 1, "est_flood_depth_m": 0.2, "building_name": "\u0645\u0628\u0646\u0649 \u0633\u0643\u0646\u064a"}, "geometry": {"type": "Polygon", "coordinates": [[[44.00626, 13.58518], [44.00631, 13.58513], [44.00641, 13.58524], [44.00635, 13.58528], [44.00626, 13.58518]]]}}, {"type": "Feature", "properties": {"building_id": 781435346, "risk_level": "\u0645\u0647\u062f\u062f \u0628\u0627\u0644\u063a\u0645\u0631 (High Risk)", "risk_color": "#FF9100", "distance_to_stream_m": 7.0, "closest_stream_order": 2, "est_flood_depth_m": 0.5, "building_name": "\u0645\u0628\u0646\u0649 \u0633\u0643\u0646\u064a"}, "geometry": {"type": "Polygon", "coordinates": [[[44.00647, 13.58537], [44.00656, 13.58532], [44.00661, 13.58548], [44.00653, 13.58552], [44.0065, 13.58546], [44.00649, 13.58546], [44.00648, 13.58544], [44.00649, 13.58544], [44.00647, 13.58537]]]}}, {"type": "Feature", "properties": {"building_id": 1231548248, "risk_level": "\u062a\u0623\u062b\u0631 \u0645\u062a\u0648\u0633\u0637 (Moderate Risk)", "risk_color": "#FFEA00", "distance_to_stream_m": 31.1, "closest_stream_order": 2, "est_flood_depth_m": 0.2, "building_name": "\u0645\u0628\u0646\u0649 \u0633\u0643\u0646\u064a"}, "geometry": {"type": "Polygon", "coordinates": [[[44.01768, 13.56497], [44.01714, 13.565], [44.01713, 13.56486], [44.0172, 13.56486], [44.0172, 13.56486], [44.01726, 13.56486], [44.01726, 13.56488], [44.01732, 13.56488], [44.01731, 13.56473], [44.01747, 13.56472], [44.01748, 13.56486], [44.01767, 13.56485], [44.01768, 13.56497]]]}}, {"type": "Feature", "properties": {"building_id": 1231548250, "risk_level": "\u0645\u0647\u062f\u062f \u0628\u0627\u0644\u063a\u0645\u0631 (High Risk)", "risk_color": "#FF9100", "distance_to_stream_m": 16.8, "closest_stream_order": 1, "est_flood_depth_m": 0.5, "building_name": "\u0645\u0628\u0646\u0649 \u0633\u0643\u0646\u064a"}, "geometry": {"type": "Polygon", "coordinates": [[[44.01659, 13.56529], [44.01668, 13.56525], [44.01657, 13.56503], [44.01659, 13.56502], [44.01655, 13.56494], [44.01662, 13.5649], [44.01666, 13.56498], [44.01668, 13.56497], [44.01686, 13.56534], [44.01679, 13.56538], [44.01682, 13.56544], [44.01669, 13.5655], [44.01659, 13.56529]]]}}, {"type": "Feature", "properties": {"building_id": 1255983670, "risk_level": "\u062a\u0623\u062b\u0631 \u0645\u062a\u0648\u0633\u0637 (Moderate Risk)", "risk_color": "#FFEA00", "distance_to_stream_m": 59.4, "closest_stream_order": 1, "est_flood_depth_m": 0.2, "building_name": "\u0645\u0628\u0646\u0649 \u0633\u0643\u0646\u064a"}, "geometry": {"type": "Polygon", "coordinates": [[[44.01467, 13.56976], [44.01466, 13.56962], [44.01459, 13.56963], [44.0146, 13.56976], [44.01467, 13.56976]]]}}]}