{
  "type": "FeatureCollection",
  "name": "Taiz_to_RedSea_Real_DEM_Corridor",
  "features": [
    {
      "type": "Feature",
      "properties": {
        "name": "Wadi Rasyan Real DEM Hydro-Enforced Corridor",
        "length_km": 125.4,
        "source": "Jabal Sabir & Cairo Citadel, Taiz",
        "intermittent_dam": "Al-Amiriyyah / Al-Amrah Dam in Al-Hashamah",
        "mouth": "Red Sea, North of Mocha",
        "start_elevation_m": 1343.0,
        "end_elevation_m": 0.0
      },
      "geometry": {
        "type": "LineString",
        "coordinates": [
          [
            44.01535,
            13.56911
          ],
          [
            44.01535,
            13.56978
          ],
          [
            44.01466,
            13.57045
          ],
          [
            44.01398,
            13.57112
          ],
          [
            44.01466,
            13.57178
          ],
          [
            44.01466,
            13.57245
          ],
          [
            44.01466,
            13.57312
          ],
          [
            44.01535,
            13.57379
          ],
          [
            44.01535,
            13.57379
          ],
          [
            44.01535,
            13.57512
          ],
          [
            44.01604,
            13.57579
          ],
          [
            44.01604,
            13.57579
          ],
          [
            44.01604,
            13.57579
          ],
          [
            44.01672,
            13.57646
          ],
          [
            44.01672,
            13.57712
          ],
          [
            44.0181,
            13.57846
          ],
          [
            44.01878,
            13.5798
          ],
          [
            44.01878,
            13.58046
          ],
          [
            44.01878,
            13.58113
          ],
          [
            44.01947,
            13.5818
          ],
          [
            44.01947,
            13.58247
          ],
          [
            44.01947,
            13.58313
          ],
          [
            44.01947,
            13.58313
          ],
          [
            44.01878,
            13.5838
          ],
          [
            44.0181,
            13.58447
          ],
          [
            44.01741,
            13.58514
          ],
          [
            44.01741,
            13.5858
          ],
          [
            44.01741,
            13.58647
          ],
          [
            44.01741,
            13.58714
          ],
          [
            44.01672,
            13.58781
          ],
          [
            44.01604,
            13.58848
          ],
          [
            44.01604,
            13.58914
          ],
          [
            44.01604,
            13.58914
          ],
          [
            44.01535,
            13.58981
          ],
          [
            44.01535,
            13.58981
          ],
          [
            44.01466,
            13.59048
          ],
          [
            44.01466,
            13.59115
          ],
          [
            44.01466,
            13.59181
          ],
          [
            44.01398,
            13.59248
          ],
          [
            44.01398,
            13.59315
          ],
          [
            44.01398,
            13.59315
          ],
          [
            44.01329,
            13.59382
          ],
          [
            44.01329,
            13.59582
          ],
          [
            44.0126,
            13.59649
          ],
          [
            44.0126,
            13.59715
          ],
          [
            44.0126,
            13.59782
          ],
          [
            44.01192,
            13.59849
          ],
          [
            44.0126,
            13.59916
          ],
          [
            44.0126,
            13.59983
          ],
          [
            44.0126,
            13.60049
          ],
          [
            44.0126,
            13.60116
          ],
          [
            44.01192,
            13.60183
          ],
          [
            44.01192,
            13.6025
          ],
          [
            44.01123,
            13.60316
          ],
          [
            44.01054,
            13.60383
          ],
          [
            44.01054,
            13.6045
          ],
          [
            44.00986,
            13.60517
          ],
          [
            44.00917,
            13.60583
          ],
          [
            44.00917,
            13.60583
          ],
          [
            44.00848,
            13.6065
          ],
          [
            44.00848,
            13.60717
          ],
          [
            44.0078,
            13.60784
          ],
          [
            44.00711,
            13.60851
          ],
          [
            44.00711,
            13.60917
          ],
          [
            44.00642,
            13.60984
          ],
          [
            44.00642,
            13.60984
          ],
          [
            44.00642,
            13.61051
          ],
          [
            44.00642,
            13.61118
          ],
          [
            44.00642,
            13.61118
          ],
          [
            44.00436,
            13.61251
          ],
          [
            44.00436,
            13.61251
          ],
          [
            44.00368,
            13.61251
          ],
          [
            44.00299,
            13.61385
          ],
          [
            44.00299,
            13.61451
          ],
          [
            44.0023,
            13.61518
          ],
          [
            44.0023,
            13.61518
          ],
          [
            44.00162,
            13.61518
          ],
          [
            44.00093,
            13.61518
          ],
          [
            44.00093,
            13.61585
          ],
          [
            44.00024,
            13.61652
          ],
          [
            44.00024,
            13.61852
          ],
          [
            43.99956,
            13.61919
          ],
          [
            43.99956,
            13.61919
          ],
          [
            43.99956,
            13.61919
          ],
          [
            43.99887,
            13.61919
          ],
          [
            43.99818,
            13.61986
          ],
          [
            43.9975,
            13.62052
          ],
          [
            43.9975,
            13.62119
          ],
          [
            43.9975,
            13.62186
          ],
          [
            43.9975,
            13.62186
          ],
          [
            43.9975,
            13.62386
          ],
          [
            43.99681,
            13.62319
          ],
          [
            43.99681,
            13.62386
          ],
          [
            43.99612,
            13.62453
          ],
          [
            43.99612,
            13.6252
          ],
          [
            43.99475,
            13.6272
          ],
          [
            43.99475,
            13.6272
          ],
          [
            43.99406,
            13.62787
          ],
          [
            43.99338,
            13.62854
          ],
          [
            43.99269,
            13.62854
          ],
          [
            43.99269,
            13.62854
          ],
          [
            43.992,
            13.6292
          ],
          [
            43.992,
            13.62987
          ],
          [
            43.992,
            13.62987
          ],
          [
            43.992,
            13.63054
          ],
          [
            43.99063,
            13.63254
          ],
          [
            43.98994,
            13.63321
          ],
          [
            43.98994,
            13.63388
          ],
          [
            43.98926,
            13.63455
          ],
          [
            43.98926,
            13.63521
          ],
          [
            43.98857,
            13.63521
          ],
          [
            43.98857,
            13.63588
          ],
          [
            43.98788,
            13.63521
          ],
          [
            43.9872,
            13.63722
          ],
          [
            43.9872,
            13.63722
          ],
          [
            43.98651,
            13.63722
          ],
          [
            43.9872,
            13.63788
          ],
          [
            43.9872,
            13.63788
          ],
          [
            43.9872,
            13.63855
          ],
          [
            43.98514,
            13.63922
          ],
          [
            43.98514,
            13.63989
          ],
          [
            43.98514,
            13.64055
          ],
          [
            43.98514,
            13.64122
          ],
          [
            43.98376,
            13.64322
          ],
          [
            43.98376,
            13.64322
          ],
          [
            43.98308,
            13.64389
          ],
          [
            43.98239,
            13.64389
          ],
          [
            43.98239,
            13.64389
          ],
          [
            43.98239,
            13.64389
          ],
          [
            43.98033,
            13.64523
          ],
          [
            43.98033,
            13.64523
          ],
          [
            43.97896,
            13.6459
          ],
          [
            43.97827,
            13.6459
          ],
          [
            43.97758,
            13.64656
          ],
          [
            43.97758,
            13.64656
          ],
          [
            43.97758,
            13.64656
          ],
          [
            43.97758,
            13.64656
          ],
          [
            43.9769,
            13.64656
          ],
          [
            43.97621,
            13.64656
          ],
          [
            43.97415,
            13.64723
          ],
          [
            43.97346,
            13.64723
          ],
          [
            43.97415,
            13.6479
          ],
          [
            43.97346,
            13.6479
          ],
          [
            43.97278,
            13.64857
          ],
          [
            43.97278,
            13.64857
          ],
          [
            43.97072,
            13.64857
          ],
          [
            43.97003,
            13.64923
          ],
          [
            43.96935,
            13.64923
          ],
          [
            43.96866,
            13.6499
          ],
          [
            43.96797,
            13.65057
          ],
          [
            43.96729,
            13.65057
          ],
          [
            43.9666,
            13.65057
          ],
          [
            43.96729,
            13.65124
          ],
          [
            43.96523,
            13.65124
          ],
          [
            43.96523,
            13.6519
          ],
          [
            43.96454,
            13.6519
          ],
          [
            43.96385,
            13.65257
          ],
          [
            43.96317,
            13.65257
          ],
          [
            43.96248,
            13.65391
          ],
          [
            43.96248,
            13.65391
          ],
          [
            43.96248,
            13.65391
          ],
          [
            43.96179,
            13.65458
          ],
          [
            43.96111,
            13.65458
          ],
          [
            43.95973,
            13.65524
          ],
          [
            43.95973,
            13.65524
          ],
          [
            43.95973,
            13.65524
          ],
          [
            43.95905,
            13.65524
          ],
          [
            43.95836,
            13.65524
          ],
          [
            43.95767,
            13.65725
          ],
          [
            43.95699,
            13.65725
          ],
          [
            43.95493,
            13.65591
          ],
          [
            43.95424,
            13.65658
          ],
          [
            43.95355,
            13.65658
          ],
          [
            43.95355,
            13.65658
          ],
          [
            43.95355,
            13.65725
          ],
          [
            43.95287,
            13.65725
          ],
          [
            43.95081,
            13.65725
          ],
          [
            43.95012,
            13.65791
          ],
          [
            43.94943,
            13.65791
          ],
          [
            43.94875,
            13.65791
          ],
          [
            43.94806,
            13.65858
          ],
          [
            43.94737,
            13.65858
          ],
          [
            43.94669,
            13.65858
          ],
          [
            43.946,
            13.65925
          ],
          [
            43.94531,
            13.65925
          ],
          [
            43.94531,
            13.65925
          ],
          [
            43.94463,
            13.65992
          ],
          [
            43.94394,
            13.65992
          ],
          [
            43.94325,
            13.65992
          ],
          [
            43.94257,
            13.66058
          ],
          [
            43.94188,
            13.66058
          ],
          [
            43.94119,
            13.66058
          ],
          [
            43.94051,
            13.66125
          ],
          [
            43.94051,
            13.66125
          ],
          [
            43.93913,
            13.66125
          ],
          [
            43.93845,
            13.66192
          ],
          [
            43.93776,
            13.66192
          ],
          [
            43.93776,
            13.66192
          ],
          [
            43.93776,
            13.66259
          ],
          [
            43.9357,
            13.66259
          ],
          [
            43.9357,
            13.66259
          ],
          [
            43.9357,
            13.66326
          ],
          [
            43.93501,
            13.66326
          ],
          [
            43.93295,
            13.66459
          ],
          [
            43.93227,
            13.66459
          ],
          [
            43.93227,
            13.66459
          ],
          [
            43.93158,
            13.66392
          ],
          [
            43.93158,
            13.66459
          ],
          [
            43.93158,
            13.66459
          ],
          [
            43.92952,
            13.66593
          ],
          [
            43.92883,
            13.66659
          ],
          [
            43.92815,
            13.66526
          ],
          [
            43.92746,
            13.66526
          ],
          [
            43.92677,
            13.66593
          ],
          [
            43.92609,
            13.66593
          ],
          [
            43.9254,
            13.66593
          ],
          [
            43.92471,
            13.66659
          ],
          [
            43.92403,
            13.66659
          ],
          [
            43.92334,
            13.66659
          ],
          [
            43.92403,
            13.66726
          ],
          [
            43.92334,
            13.66726
          ],
          [
            43.92265,
            13.66726
          ],
          [
            43.92059,
            13.66793
          ],
          [
            43.91991,
            13.66793
          ],
          [
            43.91922,
            13.66793
          ],
          [
            43.91922,
            13.66793
          ],
          [
            43.91853,
            13.66993
          ],
          [
            43.91785,
            13.66993
          ],
          [
            43.91716,
            13.66926
          ],
          [
            43.91716,
            13.66926
          ],
          [
            43.91716,
            13.66926
          ],
          [
            43.91647,
            13.66926
          ],
          [
            43.91579,
            13.67127
          ],
          [
            43.9151,
            13.67127
          ],
          [
            43.91441,
            13.67127
          ],
          [
            43.91373,
            13.67194
          ],
          [
            43.91167,
            13.6706
          ],
          [
            43.91098,
            13.6706
          ],
          [
            43.91098,
            13.6706
          ],
          [
            43.90961,
            13.67127
          ],
          [
            43.90892,
            13.67127
          ],
          [
            43.90892,
            13.67127
          ],
          [
            43.90892,
            13.67194
          ],
          [
            43.90823,
            13.67194
          ],
          [
            43.90755,
            13.67194
          ],
          [
            43.90686,
            13.6726
          ],
          [
            43.9048,
            13.67327
          ],
          [
            43.9048,
            13.67327
          ],
          [
            43.9048,
            13.67327
          ],
          [
            43.90411,
            13.67327
          ],
          [
            43.90205,
            13.67461
          ],
          [
            43.90137,
            13.67394
          ],
          [
            43.90068,
            13.67394
          ],
          [
            43.90068,
            13.67394
          ],
          [
            43.90068,
            13.67394
          ],
          [
            43.90068,
            13.67461
          ],
          [
            43.89862,
            13.67461
          ],
          [
            43.89793,
            13.67461
          ],
          [
            43.89725,
            13.67461
          ],
          [
            43.89656,
            13.67527
          ],
          [
            43.89656,
            13.67527
          ],
          [
            43.89519,
            13.67527
          ],
          [
            43.8945,
            13.67594
          ],
          [
            43.89381,
            13.67661
          ],
          [
            43.89313,
            13.67661
          ],
          [
            43.89244,
            13.67661
          ],
          [
            43.89244,
            13.67661
          ],
          [
            43.89244,
            13.67661
          ],
          [
            43.89175,
            13.67661
          ],
          [
            43.88969,
            13.67728
          ],
          [
            43.88901,
            13.67728
          ],
          [
            43.88832,
            13.67728
          ],
          [
            43.88832,
            13.67794
          ],
          [
            43.88832,
            13.67794
          ],
          [
            43.88763,
            13.67794
          ],
          [
            43.88695,
            13.67995
          ],
          [
            43.88489,
            13.67995
          ],
          [
            43.8842,
            13.67995
          ],
          [
            43.88351,
            13.67861
          ],
          [
            43.88283,
            13.67928
          ],
          [
            43.88214,
            13.67928
          ],
          [
            43.88214,
            13.67928
          ],
          [
            43.88145,
            13.67995
          ],
          [
            43.88077,
            13.67995
          ],
          [
            43.88008,
            13.67995
          ],
          [
            43.87939,
            13.68062
          ],
          [
            43.87871,
            13.68062
          ],
          [
            43.87871,
            13.68062
          ],
          [
            43.87871,
            13.68062
          ],
          [
            43.87802,
            13.68128
          ],
          [
            43.87596,
            13.68128
          ],
          [
            43.87527,
            13.68128
          ],
          [
            43.87459,
            13.68195
          ],
          [
            43.8739,
            13.68195
          ],
          [
            43.8739,
            13.68195
          ],
          [
            43.87253,
            13.68262
          ],
          [
            43.87184,
            13.68262
          ],
          [
            43.87184,
            13.68262
          ],
          [
            43.87184,
            13.68262
          ],
          [
            43.87115,
            13.68462
          ],
          [
            43.87047,
            13.68462
          ],
          [
            43.86978,
            13.68462
          ],
          [
            43.86909,
            13.68529
          ],
          [
            43.86841,
            13.68462
          ],
          [
            43.86772,
            13.68462
          ],
          [
            43.86703,
            13.68596
          ],
          [
            43.86635,
            13.68596
          ],
          [
            43.86566,
            13.68596
          ],
          [
            43.86566,
            13.68596
          ],
          [
            43.86497,
            13.68662
          ],
          [
            43.86429,
            13.68662
          ],
          [
            43.8636,
            13.68596
          ],
          [
            43.86154,
            13.68662
          ],
          [
            43.86086,
            13.68662
          ],
          [
            43.86086,
            13.68729
          ],
          [
            43.86017,
            13.68796
          ],
          [
            43.85948,
            13.68796
          ],
          [
            43.8588,
            13.68863
          ],
          [
            43.85811,
            13.68863
          ],
          [
            43.85811,
            13.68929
          ],
          [
            43.85742,
            13.68996
          ],
          [
            43.85742,
            13.68996
          ],
          [
            43.85605,
            13.69197
          ],
          [
            43.85536,
            13.69197
          ],
          [
            43.85536,
            13.69263
          ],
          [
            43.85468,
            13.69263
          ],
          [
            43.85399,
            13.69263
          ],
          [
            43.8533,
            13.69263
          ],
          [
            43.8533,
            13.69263
          ],
          [
            43.85262,
            13.6933
          ],
          [
            43.85262,
            13.69397
          ],
          [
            43.85262,
            13.69397
          ],
          [
            43.85193,
            13.6953
          ],
          [
            43.85124,
            13.69597
          ],
          [
            43.85056,
            13.69597
          ],
          [
            43.85056,
            13.69597
          ],
          [
            43.84987,
            13.69731
          ],
          [
            43.8485,
            13.69664
          ],
          [
            43.8485,
            13.69664
          ],
          [
            43.84644,
            13.69797
          ],
          [
            43.84644,
            13.69797
          ],
          [
            43.84644,
            13.69797
          ],
          [
            43.84506,
            13.69864
          ],
          [
            43.84438,
            13.69864
          ],
          [
            43.84438,
            13.69931
          ],
          [
            43.84438,
            13.69998
          ],
          [
            43.84438,
            13.69998
          ],
          [
            43.843,
            13.70065
          ],
          [
            43.843,
            13.70065
          ],
          [
            43.84232,
            13.70131
          ],
          [
            43.84163,
            13.70198
          ],
          [
            43.84163,
            13.70198
          ],
          [
            43.84094,
            13.70332
          ],
          [
            43.84026,
            13.70398
          ],
          [
            43.83957,
            13.70398
          ],
          [
            43.83888,
            13.70398
          ],
          [
            43.83888,
            13.70398
          ],
          [
            43.8382,
            13.70599
          ],
          [
            43.83614,
            13.70465
          ],
          [
            43.83545,
            13.70532
          ],
          [
            43.83476,
            13.70599
          ],
          [
            43.83476,
            13.70599
          ],
          [
            43.83408,
            13.70665
          ],
          [
            43.83339,
            13.70665
          ],
          [
            43.8327,
            13.70732
          ],
          [
            43.83202,
            13.70799
          ],
          [
            43.83202,
            13.70799
          ],
          [
            43.83202,
            13.70866
          ],
          [
            43.83202,
            13.70866
          ],
          [
            43.82996,
            13.70933
          ],
          [
            43.82927,
            13.70999
          ],
          [
            43.82858,
            13.70999
          ],
          [
            43.82858,
            13.71066
          ],
          [
            43.8279,
            13.71066
          ],
          [
            43.82721,
            13.71133
          ],
          [
            43.82652,
            13.712
          ],
          [
            43.82584,
            13.712
          ],
          [
            43.82584,
            13.71266
          ],
          [
            43.82515,
            13.71266
          ],
          [
            43.82446,
            13.71333
          ],
          [
            43.82378,
            13.714
          ],
          [
            43.82309,
            13.714
          ],
          [
            43.82309,
            13.71467
          ],
          [
            43.8224,
            13.71467
          ],
          [
            43.8224,
            13.71533
          ],
          [
            43.8224,
            13.716
          ],
          [
            43.82172,
            13.716
          ],
          [
            43.82172,
            13.71667
          ],
          [
            43.81966,
            13.71667
          ],
          [
            43.81897,
            13.71734
          ],
          [
            43.81828,
            13.71801
          ],
          [
            43.8176,
            13.71801
          ],
          [
            43.81691,
            13.71867
          ],
          [
            43.81691,
            13.71867
          ],
          [
            43.81622,
            13.71934
          ],
          [
            43.81554,
            13.72001
          ],
          [
            43.81554,
            13.72001
          ],
          [
            43.81485,
            13.72134
          ],
          [
            43.81485,
            13.72134
          ],
          [
            43.81485,
            13.72134
          ],
          [
            43.81416,
            13.72268
          ],
          [
            43.81348,
            13.72335
          ],
          [
            43.81279,
            13.72401
          ],
          [
            43.81279,
            13.72401
          ],
          [
            43.8121,
            13.72468
          ],
          [
            43.81142,
            13.72535
          ],
          [
            43.81073,
            13.72535
          ],
          [
            43.81004,
            13.72602
          ],
          [
            43.81004,
            13.72602
          ],
          [
            43.80798,
            13.72602
          ],
          [
            43.80798,
            13.72602
          ],
          [
            43.80661,
            13.72535
          ],
          [
            43.80592,
            13.72535
          ],
          [
            43.80592,
            13.72468
          ],
          [
            43.80592,
            13.72468
          ],
          [
            43.80386,
            13.72401
          ],
          [
            43.80318,
            13.72401
          ],
          [
            43.80249,
            13.72335
          ],
          [
            43.80249,
            13.72335
          ],
          [
            43.8018,
            13.72268
          ],
          [
            43.80112,
            13.72268
          ],
          [
            43.80112,
            13.72268
          ],
          [
            43.79974,
            13.72068
          ],
          [
            43.79906,
            13.72068
          ],
          [
            43.79906,
            13.72001
          ],
          [
            43.79906,
            13.72001
          ],
          [
            43.79837,
            13.71934
          ],
          [
            43.79837,
            13.71934
          ],
          [
            43.79768,
            13.71867
          ],
          [
            43.797,
            13.71867
          ],
          [
            43.79631,
            13.71934
          ],
          [
            43.79562,
            13.71934
          ],
          [
            43.79356,
            13.71801
          ],
          [
            43.79288,
            13.71734
          ],
          [
            43.79219,
            13.71734
          ],
          [
            43.7915,
            13.71667
          ],
          [
            43.7915,
            13.71667
          ],
          [
            43.79082,
            13.71667
          ],
          [
            43.79013,
            13.716
          ],
          [
            43.78944,
            13.716
          ],
          [
            43.78876,
            13.716
          ],
          [
            43.78807,
            13.716
          ],
          [
            43.78738,
            13.71467
          ],
          [
            43.7867,
            13.71467
          ],
          [
            43.78601,
            13.714
          ],
          [
            43.78601,
            13.714
          ],
          [
            43.78532,
            13.714
          ],
          [
            43.78464,
            13.714
          ],
          [
            43.78395,
            13.71333
          ],
          [
            43.78326,
            13.71266
          ],
          [
            43.78258,
            13.71266
          ],
          [
            43.78189,
            13.71266
          ],
          [
            43.7812,
            13.71266
          ],
          [
            43.7812,
            13.71266
          ],
          [
            43.7812,
            13.71266
          ],
          [
            43.7812,
            13.712
          ],
          [
            43.77914,
            13.712
          ],
          [
            43.77846,
            13.71066
          ],
          [
            43.77777,
            13.70999
          ],
          [
            43.77777,
            13.70999
          ],
          [
            43.77777,
            13.70999
          ],
          [
            43.77571,
            13.70866
          ],
          [
            43.77571,
            13.70866
          ],
          [
            43.77571,
            13.70866
          ],
          [
            43.77571,
            13.70866
          ],
          [
            43.77502,
            13.70799
          ],
          [
            43.77434,
            13.70732
          ],
          [
            43.77365,
            13.70732
          ],
          [
            43.77296,
            13.70665
          ],
          [
            43.77228,
            13.70665
          ],
          [
            43.77159,
            13.70599
          ],
          [
            43.7709,
            13.70599
          ],
          [
            43.76884,
            13.70532
          ],
          [
            43.76884,
            13.70532
          ],
          [
            43.76816,
            13.70465
          ],
          [
            43.76816,
            13.70465
          ],
          [
            43.76816,
            13.70465
          ],
          [
            43.76747,
            13.70398
          ],
          [
            43.76678,
            13.70398
          ],
          [
            43.7661,
            13.70332
          ],
          [
            43.76541,
            13.70332
          ],
          [
            43.76335,
            13.70332
          ],
          [
            43.76335,
            13.70332
          ],
          [
            43.76266,
            13.70332
          ],
          [
            43.76198,
            13.70265
          ],
          [
            43.76198,
            13.70265
          ],
          [
            43.7606,
            13.70198
          ],
          [
            43.75992,
            13.70198
          ],
          [
            43.75923,
            13.70131
          ],
          [
            43.75923,
            13.70131
          ],
          [
            43.75854,
            13.69998
          ],
          [
            43.75854,
            13.69998
          ],
          [
            43.75786,
            13.69931
          ],
          [
            43.75786,
            13.69931
          ],
          [
            43.75717,
            13.69864
          ],
          [
            43.75648,
            13.69864
          ],
          [
            43.7558,
            13.69931
          ],
          [
            43.75511,
            13.69931
          ],
          [
            43.75443,
            13.69864
          ],
          [
            43.75374,
            13.69864
          ],
          [
            43.75374,
            13.69864
          ],
          [
            43.75305,
            13.69797
          ],
          [
            43.75168,
            13.69664
          ],
          [
            43.75168,
            13.69597
          ],
          [
            43.75099,
            13.69597
          ],
          [
            43.75031,
            13.6953
          ],
          [
            43.74962,
            13.6953
          ],
          [
            43.74893,
            13.69464
          ],
          [
            43.74825,
            13.69464
          ],
          [
            43.74756,
            13.69464
          ],
          [
            43.74756,
            13.69464
          ],
          [
            43.74687,
            13.69464
          ],
          [
            43.74481,
            13.6933
          ],
          [
            43.74413,
            13.6933
          ],
          [
            43.74344,
            13.69263
          ],
          [
            43.74344,
            13.69263
          ],
          [
            43.74344,
            13.69197
          ],
          [
            43.74275,
            13.69197
          ],
          [
            43.74069,
            13.6913
          ],
          [
            43.74069,
            13.6913
          ],
          [
            43.74001,
            13.69063
          ],
          [
            43.73932,
            13.69063
          ],
          [
            43.73863,
            13.69063
          ],
          [
            43.73795,
            13.68996
          ],
          [
            43.73726,
            13.68996
          ],
          [
            43.73657,
            13.68996
          ],
          [
            43.73657,
            13.68996
          ],
          [
            43.73657,
            13.68996
          ],
          [
            43.73657,
            13.68996
          ],
          [
            43.73589,
            13.68929
          ],
          [
            43.7352,
            13.68929
          ],
          [
            43.73451,
            13.68863
          ],
          [
            43.73383,
            13.68863
          ],
          [
            43.73314,
            13.68863
          ],
          [
            43.73108,
            13.68796
          ],
          [
            43.73039,
            13.68796
          ],
          [
            43.72971,
            13.68729
          ],
          [
            43.72971,
            13.68729
          ],
          [
            43.72971,
            13.68662
          ],
          [
            43.72833,
            13.68662
          ],
          [
            43.72765,
            13.68596
          ],
          [
            43.72696,
            13.68596
          ],
          [
            43.72696,
            13.68529
          ],
          [
            43.72696,
            13.68529
          ],
          [
            43.72627,
            13.68529
          ],
          [
            43.72559,
            13.68462
          ],
          [
            43.72559,
            13.68462
          ],
          [
            43.7249,
            13.68395
          ],
          [
            43.72421,
            13.68395
          ],
          [
            43.72215,
            13.68195
          ],
          [
            43.72147,
            13.68195
          ],
          [
            43.72147,
            13.68128
          ],
          [
            43.72147,
            13.68128
          ],
          [
            43.71941,
            13.68062
          ],
          [
            43.71872,
            13.68062
          ],
          [
            43.71872,
            13.67995
          ],
          [
            43.71803,
            13.67995
          ],
          [
            43.71735,
            13.67928
          ],
          [
            43.71666,
            13.67928
          ],
          [
            43.71597,
            13.67861
          ],
          [
            43.71597,
            13.67794
          ],
          [
            43.71529,
            13.67794
          ],
          [
            43.71529,
            13.67794
          ],
          [
            43.71529,
            13.67794
          ],
          [
            43.71529,
            13.67794
          ],
          [
            43.7146,
            13.67728
          ],
          [
            43.71391,
            13.67661
          ],
          [
            43.71323,
            13.67661
          ],
          [
            43.71185,
            13.67461
          ],
          [
            43.71117,
            13.67394
          ],
          [
            43.71048,
            13.67394
          ],
          [
            43.71048,
            13.67327
          ],
          [
            43.71048,
            13.67327
          ],
          [
            43.71048,
            13.67327
          ],
          [
            43.70979,
            13.67327
          ],
          [
            43.70773,
            13.67127
          ],
          [
            43.70705,
            13.67127
          ],
          [
            43.70705,
            13.6706
          ],
          [
            43.70636,
            13.6706
          ],
          [
            43.70636,
            13.6706
          ],
          [
            43.70636,
            13.6706
          ],
          [
            43.70636,
            13.6706
          ],
          [
            43.70567,
            13.66993
          ],
          [
            43.70499,
            13.66926
          ],
          [
            43.7043,
            13.66926
          ],
          [
            43.7043,
            13.66726
          ],
          [
            43.70361,
            13.66659
          ],
          [
            43.70293,
            13.66659
          ],
          [
            43.70224,
            13.66593
          ],
          [
            43.70224,
            13.66593
          ],
          [
            43.70155,
            13.66659
          ],
          [
            43.70087,
            13.66593
          ],
          [
            43.70018,
            13.66526
          ],
          [
            43.70018,
            13.66526
          ],
          [
            43.69949,
            13.66459
          ],
          [
            43.69881,
            13.66259
          ],
          [
            43.69675,
            13.66259
          ],
          [
            43.69606,
            13.66192
          ],
          [
            43.69606,
            13.66125
          ],
          [
            43.69537,
            13.66125
          ],
          [
            43.69469,
            13.66058
          ],
          [
            43.694,
            13.65992
          ],
          [
            43.694,
            13.65992
          ],
          [
            43.69331,
            13.65925
          ],
          [
            43.69331,
            13.65925
          ],
          [
            43.69331,
            13.65858
          ],
          [
            43.69331,
            13.65791
          ],
          [
            43.69125,
            13.65791
          ],
          [
            43.69057,
            13.65725
          ],
          [
            43.69057,
            13.65658
          ],
          [
            43.69057,
            13.65658
          ],
          [
            43.69057,
            13.65658
          ],
          [
            43.68988,
            13.65658
          ],
          [
            43.68919,
            13.65658
          ],
          [
            43.68782,
            13.65591
          ],
          [
            43.68782,
            13.65524
          ],
          [
            43.68782,
            13.65524
          ],
          [
            43.68713,
            13.65458
          ],
          [
            43.68576,
            13.65391
          ],
          [
            43.68576,
            13.65391
          ],
          [
            43.68439,
            13.6519
          ],
          [
            43.6837,
            13.65124
          ],
          [
            43.68301,
            13.65124
          ],
          [
            43.68301,
            13.65057
          ],
          [
            43.68233,
            13.65057
          ],
          [
            43.68164,
            13.65057
          ],
          [
            43.68095,
            13.64923
          ],
          [
            43.68095,
            13.64857
          ],
          [
            43.68027,
            13.64857
          ],
          [
            43.67958,
            13.6479
          ],
          [
            43.67889,
            13.6479
          ],
          [
            43.67889,
            13.64723
          ],
          [
            43.67821,
            13.64656
          ],
          [
            43.67752,
            13.64656
          ],
          [
            43.67752,
            13.6459
          ],
          [
            43.67752,
            13.64523
          ],
          [
            43.67752,
            13.64523
          ],
          [
            43.67546,
            13.64456
          ],
          [
            43.67477,
            13.64389
          ],
          [
            43.67409,
            13.64389
          ],
          [
            43.67409,
            13.64389
          ],
          [
            43.6734,
            13.64389
          ],
          [
            43.6734,
            13.64389
          ],
          [
            43.6734,
            13.64189
          ],
          [
            43.6734,
            13.64122
          ],
          [
            43.67271,
            13.64122
          ],
          [
            43.67203,
            13.64122
          ],
          [
            43.67134,
            13.64122
          ],
          [
            43.67134,
            13.64122
          ],
          [
            43.67065,
            13.64055
          ],
          [
            43.66859,
            13.63855
          ],
          [
            43.66791,
            13.63855
          ],
          [
            43.66859,
            13.63788
          ],
          [
            43.66859,
            13.63788
          ],
          [
            43.66791,
            13.63722
          ],
          [
            43.66585,
            13.63655
          ],
          [
            43.66516,
            13.63655
          ],
          [
            43.66516,
            13.63588
          ],
          [
            43.66447,
            13.63655
          ],
          [
            43.66447,
            13.63655
          ],
          [
            43.66447,
            13.63588
          ],
          [
            43.66447,
            13.63521
          ],
          [
            43.66379,
            13.63521
          ],
          [
            43.6631,
            13.63455
          ],
          [
            43.66241,
            13.63388
          ],
          [
            43.66241,
            13.63388
          ],
          [
            43.66173,
            13.63321
          ],
          [
            43.66104,
            13.63254
          ],
          [
            43.65898,
            13.63121
          ],
          [
            43.65898,
            13.63054
          ],
          [
            43.65967,
            13.62987
          ],
          [
            43.65898,
            13.62987
          ],
          [
            43.65829,
            13.63054
          ],
          [
            43.65829,
            13.62987
          ],
          [
            43.65761,
            13.62987
          ],
          [
            43.65692,
            13.6292
          ],
          [
            43.65486,
            13.6272
          ],
          [
            43.65417,
            13.6272
          ],
          [
            43.65417,
            13.62653
          ],
          [
            43.65349,
            13.62653
          ],
          [
            43.65349,
            13.62587
          ],
          [
            43.65349,
            13.6252
          ],
          [
            43.65349,
            13.6252
          ],
          [
            43.6528,
            13.62453
          ],
          [
            43.65211,
            13.62386
          ],
          [
            43.65143,
            13.62386
          ],
          [
            43.65143,
            13.62319
          ],
          [
            43.65074,
            13.62253
          ],
          [
            43.65005,
            13.62253
          ],
          [
            43.64937,
            13.62253
          ],
          [
            43.64937,
            13.62253
          ],
          [
            43.64799,
            13.62119
          ],
          [
            43.64799,
            13.62052
          ],
          [
            43.64594,
            13.61986
          ],
          [
            43.64594,
            13.61986
          ],
          [
            43.64525,
            13.61919
          ],
          [
            43.64525,
            13.61852
          ],
          [
            43.64525,
            13.61852
          ],
          [
            43.64456,
            13.61785
          ],
          [
            43.64456,
            13.61719
          ],
          [
            43.64388,
            13.61719
          ],
          [
            43.64319,
            13.61785
          ],
          [
            43.64113,
            13.61785
          ],
          [
            43.64113,
            13.61719
          ],
          [
            43.64044,
            13.61518
          ],
          [
            43.63976,
            13.61518
          ],
          [
            43.63907,
            13.61451
          ],
          [
            43.63907,
            13.61385
          ],
          [
            43.63838,
            13.61385
          ],
          [
            43.6377,
            13.61318
          ],
          [
            43.63701,
            13.61318
          ],
          [
            43.63701,
            13.61318
          ],
          [
            43.63632,
            13.61251
          ],
          [
            43.63564,
            13.61184
          ],
          [
            43.63564,
            13.61184
          ],
          [
            43.63564,
            13.61184
          ],
          [
            43.63564,
            13.61118
          ],
          [
            43.63495,
            13.61118
          ],
          [
            43.63358,
            13.60917
          ],
          [
            43.63358,
            13.60917
          ],
          [
            43.63358,
            13.60917
          ],
          [
            43.63289,
            13.60917
          ],
          [
            43.6322,
            13.60851
          ],
          [
            43.63152,
            13.60851
          ],
          [
            43.63152,
            13.60784
          ],
          [
            43.63083,
            13.60717
          ],
          [
            43.63014,
            13.60717
          ],
          [
            43.62946,
            13.6065
          ],
          [
            43.62946,
            13.6065
          ],
          [
            43.6274,
            13.60517
          ],
          [
            43.62671,
            13.60517
          ],
          [
            43.62602,
            13.60517
          ],
          [
            43.62602,
            13.6045
          ],
          [
            43.62534,
            13.60383
          ],
          [
            43.62465,
            13.60383
          ],
          [
            43.62396,
            13.60183
          ],
          [
            43.62328,
            13.60116
          ],
          [
            43.62328,
            13.60116
          ],
          [
            43.62259,
            13.60049
          ],
          [
            43.6219,
            13.59983
          ],
          [
            43.62122,
            13.59983
          ],
          [
            43.62122,
            13.59916
          ],
          [
            43.62053,
            13.59916
          ],
          [
            43.61984,
            13.59849
          ],
          [
            43.61916,
            13.59782
          ],
          [
            43.61916,
            13.59782
          ],
          [
            43.61916,
            13.59782
          ],
          [
            43.61916,
            13.59782
          ],
          [
            43.6171,
            13.59649
          ],
          [
            43.6171,
            13.59649
          ],
          [
            43.61641,
            13.59649
          ],
          [
            43.61572,
            13.59649
          ],
          [
            43.61504,
            13.59582
          ],
          [
            43.61504,
            13.59515
          ],
          [
            43.61435,
            13.59515
          ],
          [
            43.61366,
            13.59448
          ],
          [
            43.61298,
            13.59382
          ],
          [
            43.61229,
            13.59382
          ],
          [
            43.61229,
            13.59315
          ],
          [
            43.6116,
            13.59248
          ],
          [
            43.61092,
            13.59248
          ],
          [
            43.6116,
            13.59048
          ],
          [
            43.6116,
            13.58981
          ],
          [
            43.61092,
            13.58981
          ],
          [
            43.60886,
            13.59048
          ],
          [
            43.60817,
            13.58848
          ],
          [
            43.60817,
            13.58848
          ],
          [
            43.60748,
            13.58781
          ],
          [
            43.6068,
            13.58714
          ],
          [
            43.6068,
            13.58714
          ],
          [
            43.60611,
            13.58647
          ],
          [
            43.60542,
            13.5858
          ],
          [
            43.60474,
            13.5858
          ],
          [
            43.60474,
            13.5858
          ],
          [
            43.60474,
            13.5858
          ],
          [
            43.60336,
            13.58514
          ],
          [
            43.60268,
            13.58514
          ],
          [
            43.60268,
            13.58447
          ],
          [
            43.60199,
            13.58247
          ],
          [
            43.6013,
            13.58247
          ],
          [
            43.6013,
            13.58247
          ],
          [
            43.60199,
            13.58113
          ],
          [
            43.60199,
            13.58046
          ],
          [
            43.6013,
            13.5798
          ],
          [
            43.60062,
            13.5798
          ],
          [
            43.60062,
            13.57913
          ],
          [
            43.59993,
            13.57846
          ],
          [
            43.59993,
            13.57779
          ],
          [
            43.59924,
            13.57712
          ],
          [
            43.59718,
            13.57712
          ],
          [
            43.59718,
            13.57646
          ],
          [
            43.5965,
            13.57712
          ],
          [
            43.5965,
            13.57646
          ],
          [
            43.59581,
            13.57445
          ],
          [
            43.59512,
            13.57445
          ],
          [
            43.59512,
            13.57445
          ],
          [
            43.59512,
            13.57445
          ],
          [
            43.59512,
            13.57379
          ],
          [
            43.59512,
            13.57312
          ],
          [
            43.59306,
            13.57312
          ],
          [
            43.59444,
            13.57245
          ],
          [
            43.59238,
            13.57178
          ],
          [
            43.59169,
            13.57112
          ],
          [
            43.59169,
            13.57045
          ],
          [
            43.591,
            13.56911
          ],
          [
            43.591,
            13.56844
          ],
          [
            43.59032,
            13.56778
          ],
          [
            43.59032,
            13.56711
          ],
          [
            43.59032,
            13.56711
          ],
          [
            43.58894,
            13.56644
          ],
          [
            43.58894,
            13.56577
          ],
          [
            43.58826,
            13.56577
          ],
          [
            43.58757,
            13.56577
          ],
          [
            43.58757,
            13.56577
          ],
          [
            43.58688,
            13.56511
          ],
          [
            43.58688,
            13.56444
          ],
          [
            43.5862,
            13.56377
          ],
          [
            43.58551,
            13.56177
          ],
          [
            43.58551,
            13.56177
          ],
          [
            43.58482,
            13.56244
          ],
          [
            43.58414,
            13.56177
          ],
          [
            43.58482,
            13.5611
          ],
          [
            43.58345,
            13.5591
          ],
          [
            43.58345,
            13.5591
          ],
          [
            43.58276,
            13.55843
          ],
          [
            43.58208,
            13.55776
          ],
          [
            43.58208,
            13.55776
          ],
          [
            43.58208,
            13.55776
          ],
          [
            43.58208,
            13.55776
          ],
          [
            43.58208,
            13.55709
          ],
          [
            43.58139,
            13.55643
          ],
          [
            43.58002,
            13.55442
          ],
          [
            43.57933,
            13.55376
          ],
          [
            43.57933,
            13.55376
          ],
          [
            43.57864,
            13.55376
          ],
          [
            43.57796,
            13.55309
          ],
          [
            43.57796,
            13.55309
          ],
          [
            43.57727,
            13.55242
          ],
          [
            43.57727,
            13.55242
          ],
          [
            43.57658,
            13.55175
          ],
          [
            43.5759,
            13.55108
          ],
          [
            43.5759,
            13.55042
          ],
          [
            43.57521,
            13.55042
          ],
          [
            43.57452,
            13.54841
          ],
          [
            43.57452,
            13.54775
          ],
          [
            43.57384,
            13.54775
          ],
          [
            43.57384,
            13.54775
          ],
          [
            43.57315,
            13.54775
          ],
          [
            43.57246,
            13.54708
          ],
          [
            43.57246,
            13.54641
          ],
          [
            43.57178,
            13.54441
          ],
          [
            43.57178,
            13.54441
          ],
          [
            43.57109,
            13.54508
          ],
          [
            43.57109,
            13.54307
          ],
          [
            43.57109,
            13.54241
          ],
          [
            43.57109,
            13.54174
          ],
          [
            43.57109,
            13.54107
          ],
          [
            43.5704,
            13.54107
          ],
          [
            43.56972,
            13.5404
          ],
          [
            43.56972,
            13.53973
          ],
          [
            43.56903,
            13.53907
          ],
          [
            43.56766,
            13.5384
          ],
          [
            43.56766,
            13.5384
          ],
          [
            43.56766,
            13.53773
          ],
          [
            43.56628,
            13.53706
          ],
          [
            43.56628,
            13.5364
          ],
          [
            43.56628,
            13.5364
          ],
          [
            43.56628,
            13.53573
          ],
          [
            43.56422,
            13.53506
          ],
          [
            43.56422,
            13.53439
          ],
          [
            43.56354,
            13.53439
          ],
          [
            43.56354,
            13.53439
          ],
          [
            43.56285,
            13.53439
          ],
          [
            43.56216,
            13.53373
          ],
          [
            43.56216,
            13.53306
          ],
          [
            43.56148,
            13.53105
          ],
          [
            43.56079,
            13.53239
          ],
          [
            43.56079,
            13.53172
          ],
          [
            43.56079,
            13.52972
          ],
          [
            43.56079,
            13.52905
          ],
          [
            43.55942,
            13.52838
          ],
          [
            43.55873,
            13.52838
          ],
          [
            43.55873,
            13.52772
          ],
          [
            43.55804,
            13.52772
          ],
          [
            43.55804,
            13.52772
          ],
          [
            43.55736,
            13.52705
          ],
          [
            43.55667,
            13.52705
          ],
          [
            43.55667,
            13.52638
          ],
          [
            43.55598,
            13.52571
          ],
          [
            43.5553,
            13.52505
          ],
          [
            43.5553,
            13.52371
          ],
          [
            43.55461,
            13.52438
          ],
          [
            43.55461,
            13.52371
          ],
          [
            43.55392,
            13.52304
          ],
          [
            43.55324,
            13.52237
          ],
          [
            43.55324,
            13.52237
          ],
          [
            43.55255,
            13.52171
          ],
          [
            43.55255,
            13.52104
          ],
          [
            43.55186,
            13.52037
          ],
          [
            43.55118,
            13.51904
          ],
          [
            43.55118,
            13.51904
          ],
          [
            43.55049,
            13.51904
          ],
          [
            43.55049,
            13.51703
          ],
          [
            43.55049,
            13.51637
          ],
          [
            43.54912,
            13.5157
          ],
          [
            43.54912,
            13.5157
          ],
          [
            43.54912,
            13.51503
          ],
          [
            43.54912,
            13.51503
          ],
          [
            43.54774,
            13.51369
          ],
          [
            43.54774,
            13.51369
          ],
          [
            43.54774,
            13.51369
          ],
          [
            43.54706,
            13.51236
          ],
          [
            43.54706,
            13.51169
          ],
          [
            43.54706,
            13.51102
          ],
          [
            43.54637,
            13.51036
          ],
          [
            43.54637,
            13.51036
          ],
          [
            43.54568,
            13.50969
          ],
          [
            43.54362,
            13.50902
          ],
          [
            43.54362,
            13.50835
          ],
          [
            43.54294,
            13.50769
          ],
          [
            43.54294,
            13.50769
          ],
          [
            43.54225,
            13.50702
          ],
          [
            43.54156,
            13.50635
          ],
          [
            43.54156,
            13.50635
          ],
          [
            43.54088,
            13.50635
          ],
          [
            43.54088,
            13.50501
          ],
          [
            43.54019,
            13.50435
          ],
          [
            43.53951,
            13.50368
          ],
          [
            43.53951,
            13.50301
          ],
          [
            43.53882,
            13.50368
          ],
          [
            43.53882,
            13.50368
          ],
          [
            43.53882,
            13.50301
          ],
          [
            43.53882,
            13.50234
          ],
          [
            43.53745,
            13.50034
          ],
          [
            43.53676,
            13.50101
          ],
          [
            43.53607,
            13.50101
          ],
          [
            43.53607,
            13.50034
          ],
          [
            43.53539,
            13.49967
          ],
          [
            43.53607,
            13.49767
          ],
          [
            43.5347,
            13.49767
          ],
          [
            43.53401,
            13.49767
          ],
          [
            43.5347,
            13.497
          ],
          [
            43.53401,
            13.49634
          ],
          [
            43.53401,
            13.49634
          ],
          [
            43.53401,
            13.49634
          ],
          [
            43.53195,
            13.49433
          ],
          [
            43.53264,
            13.49433
          ],
          [
            43.53195,
            13.49433
          ],
          [
            43.53127,
            13.49366
          ],
          [
            43.53058,
            13.49366
          ],
          [
            43.52989,
            13.493
          ],
          [
            43.52989,
            13.49233
          ],
          [
            43.53058,
            13.49166
          ],
          [
            43.53058,
            13.49099
          ],
          [
            43.52852,
            13.49099
          ],
          [
            43.52852,
            13.49033
          ],
          [
            43.52852,
            13.49033
          ],
          [
            43.52646,
            13.48899
          ],
          [
            43.52646,
            13.48899
          ],
          [
            43.52577,
            13.48899
          ],
          [
            43.52577,
            13.48832
          ],
          [
            43.52509,
            13.48699
          ],
          [
            43.52371,
            13.48766
          ],
          [
            43.52371,
            13.48699
          ],
          [
            43.52303,
            13.48699
          ],
          [
            43.52234,
            13.48498
          ],
          [
            43.52165,
            13.48565
          ],
          [
            43.52165,
            13.48565
          ],
          [
            43.52097,
            13.48498
          ],
          [
            43.52028,
            13.48432
          ],
          [
            43.51959,
            13.48432
          ],
          [
            43.51891,
            13.48365
          ],
          [
            43.51891,
            13.48365
          ],
          [
            43.51891,
            13.48298
          ],
          [
            43.51891,
            13.48231
          ],
          [
            43.51685,
            13.48231
          ],
          [
            43.51616,
            13.48165
          ],
          [
            43.51616,
            13.48098
          ],
          [
            43.51547,
            13.48098
          ],
          [
            43.51479,
            13.48031
          ],
          [
            43.5141,
            13.47964
          ],
          [
            43.5141,
            13.47964
          ],
          [
            43.51341,
            13.47898
          ],
          [
            43.51273,
            13.47898
          ],
          [
            43.51204,
            13.47831
          ],
          [
            43.51135,
            13.47764
          ],
          [
            43.51135,
            13.47764
          ],
          [
            43.51067,
            13.47697
          ],
          [
            43.50998,
            13.4763
          ],
          [
            43.50998,
            13.4763
          ],
          [
            43.50998,
            13.47564
          ],
          [
            43.50998,
            13.47564
          ],
          [
            43.50792,
            13.47497
          ],
          [
            43.50723,
            13.4743
          ],
          [
            43.50655,
            13.4743
          ],
          [
            43.50655,
            13.4723
          ],
          [
            43.50586,
            13.47297
          ],
          [
            43.50517,
            13.47297
          ],
          [
            43.50449,
            13.4723
          ],
          [
            43.5038,
            13.47163
          ],
          [
            43.5038,
            13.47163
          ],
          [
            43.50311,
            13.47096
          ],
          [
            43.50243,
            13.47096
          ],
          [
            43.50174,
            13.4703
          ],
          [
            43.50105,
            13.46963
          ],
          [
            43.50105,
            13.46963
          ],
          [
            43.50037,
            13.46896
          ],
          [
            43.49968,
            13.46696
          ],
          [
            43.49899,
            13.46696
          ],
          [
            43.49899,
            13.46696
          ],
          [
            43.49899,
            13.46696
          ],
          [
            43.49831,
            13.46629
          ],
          [
            43.49693,
            13.46495
          ],
          [
            43.49625,
            13.46495
          ],
          [
            43.49693,
            13.46495
          ],
          [
            43.49625,
            13.46495
          ],
          [
            43.49625,
            13.46495
          ],
          [
            43.49419,
            13.46295
          ],
          [
            43.49419,
            13.46295
          ],
          [
            43.4935,
            13.46228
          ],
          [
            43.49281,
            13.46162
          ],
          [
            43.49213,
            13.46162
          ],
          [
            43.49144,
            13.46095
          ],
          [
            43.49144,
            13.46095
          ],
          [
            43.49144,
            13.46095
          ],
          [
            43.49144,
            13.46095
          ],
          [
            43.48938,
            13.46028
          ],
          [
            43.48869,
            13.46028
          ],
          [
            43.48869,
            13.45961
          ],
          [
            43.48801,
            13.45961
          ],
          [
            43.48732,
            13.45828
          ],
          [
            43.48663,
            13.45828
          ],
          [
            43.48663,
            13.45828
          ],
          [
            43.48595,
            13.45761
          ],
          [
            43.48526,
            13.45694
          ],
          [
            43.48457,
            13.45694
          ],
          [
            43.48389,
            13.45627
          ],
          [
            43.48389,
            13.45627
          ],
          [
            43.4832,
            13.45561
          ],
          [
            43.48251,
            13.45494
          ],
          [
            43.48183,
            13.45494
          ],
          [
            43.48114,
            13.45427
          ],
          [
            43.48183,
            13.45294
          ],
          [
            43.48045,
            13.4536
          ],
          [
            43.47977,
            13.45294
          ],
          [
            43.47908,
            13.4516
          ],
          [
            43.47908,
            13.4516
          ],
          [
            43.47839,
            13.4516
          ],
          [
            43.47771,
            13.45027
          ],
          [
            43.47771,
            13.45027
          ],
          [
            43.47702,
            13.4496
          ],
          [
            43.47702,
            13.4496
          ],
          [
            43.47565,
            13.44826
          ],
          [
            43.47496,
            13.44826
          ],
          [
            43.47496,
            13.44826
          ],
          [
            43.47359,
            13.44826
          ],
          [
            43.47359,
            13.44826
          ],
          [
            43.4729,
            13.44759
          ],
          [
            43.47221,
            13.44693
          ],
          [
            43.47153,
            13.44693
          ],
          [
            43.47153,
            13.44626
          ],
          [
            43.47084,
            13.44559
          ],
          [
            43.47015,
            13.44559
          ],
          [
            43.46947,
            13.44492
          ],
          [
            43.46878,
            13.44426
          ],
          [
            43.46878,
            13.44426
          ],
          [
            43.46809,
            13.44359
          ],
          [
            43.46741,
            13.44359
          ],
          [
            43.46672,
            13.44292
          ],
          [
            43.46603,
            13.44225
          ],
          [
            43.46603,
            13.44225
          ],
          [
            43.46535,
            13.44159
          ],
          [
            43.46466,
            13.44092
          ],
          [
            43.46397,
            13.44092
          ],
          [
            43.46397,
            13.43891
          ],
          [
            43.46329,
            13.43891
          ],
          [
            43.46329,
            13.43891
          ],
          [
            43.46191,
            13.43891
          ],
          [
            43.46123,
            13.43891
          ],
          [
            43.46123,
            13.43758
          ],
          [
            43.46054,
            13.43758
          ],
          [
            43.45985,
            13.43758
          ],
          [
            43.45985,
            13.43624
          ],
          [
            43.45917,
            13.43491
          ],
          [
            43.45848,
            13.43491
          ],
          [
            43.45779,
            13.43491
          ],
          [
            43.45711,
            13.43558
          ],
          [
            43.45642,
            13.43491
          ],
          [
            43.45573,
            13.43491
          ],
          [
            43.45505,
            13.43558
          ],
          [
            43.45436,
            13.43558
          ],
          [
            43.45367,
            13.43558
          ],
          [
            43.45299,
            13.43491
          ],
          [
            43.4523,
            13.43491
          ],
          [
            43.45161,
            13.43491
          ],
          [
            43.45093,
            13.43491
          ],
          [
            43.45024,
            13.43491
          ],
          [
            43.44955,
            13.43424
          ],
          [
            43.44887,
            13.43424
          ],
          [
            43.44887,
            13.43357
          ],
          [
            43.44749,
            13.43424
          ],
          [
            43.44681,
            13.43357
          ],
          [
            43.44612,
            13.43357
          ],
          [
            43.44543,
            13.43357
          ],
          [
            43.44475,
            13.43357
          ],
          [
            43.44406,
            13.43357
          ],
          [
            43.44337,
            13.43291
          ],
          [
            43.44337,
            13.43291
          ],
          [
            43.44269,
            13.43224
          ],
          [
            43.44131,
            13.43224
          ],
          [
            43.44063,
            13.43157
          ],
          [
            43.44063,
            13.43157
          ],
          [
            43.43925,
            13.43224
          ],
          [
            43.43857,
            13.43224
          ],
          [
            43.43788,
            13.43224
          ],
          [
            43.43719,
            13.43157
          ],
          [
            43.43651,
            13.43157
          ],
          [
            43.43582,
            13.43157
          ],
          [
            43.43513,
            13.43157
          ],
          [
            43.43445,
            13.42957
          ],
          [
            43.43376,
            13.4309
          ],
          [
            43.43307,
            13.4309
          ],
          [
            43.43239,
            13.4309
          ],
          [
            43.4317,
            13.4309
          ],
          [
            43.43102,
            13.42957
          ],
          [
            43.43102,
            13.42957
          ],
          [
            43.43033,
            13.42957
          ],
          [
            43.42896,
            13.4289
          ],
          [
            43.42896,
            13.42823
          ],
          [
            43.42827,
            13.42823
          ],
          [
            43.42758,
            13.4289
          ],
          [
            43.4269,
            13.4289
          ],
          [
            43.4269,
            13.4289
          ],
          [
            43.42552,
            13.4289
          ],
          [
            43.42484,
            13.4289
          ],
          [
            43.42415,
            13.4289
          ],
          [
            43.42346,
            13.4289
          ],
          [
            43.42278,
            13.42823
          ],
          [
            43.42209,
            13.42823
          ],
          [
            43.4214,
            13.42823
          ],
          [
            43.42072,
            13.42823
          ],
          [
            43.42003,
            13.42823
          ],
          [
            43.41934,
            13.42756
          ],
          [
            43.41866,
            13.42756
          ],
          [
            43.41866,
            13.4269
          ],
          [
            43.41728,
            13.42756
          ],
          [
            43.4166,
            13.4269
          ],
          [
            43.41591,
            13.42623
          ],
          [
            43.41522,
            13.42623
          ],
          [
            43.41522,
            13.42623
          ],
          [
            43.41385,
            13.42623
          ],
          [
            43.41316,
            13.42623
          ],
          [
            43.41248,
            13.42623
          ],
          [
            43.41179,
            13.42623
          ],
          [
            43.4111,
            13.42623
          ],
          [
            43.41042,
            13.42556
          ],
          [
            43.40973,
            13.42556
          ],
          [
            43.40904,
            13.42556
          ],
          [
            43.40836,
            13.42556
          ],
          [
            43.40767,
            13.42489
          ],
          [
            43.40767,
            13.42489
          ],
          [
            43.40767,
            13.42489
          ],
          [
            43.40561,
            13.42423
          ],
          [
            43.40492,
            13.42423
          ],
          [
            43.40424,
            13.42423
          ],
          [
            43.40355,
            13.42423
          ],
          [
            43.40286,
            13.42423
          ],
          [
            43.40218,
            13.42289
          ],
          [
            43.40149,
            13.42289
          ],
          [
            43.4008,
            13.42289
          ],
          [
            43.4008,
            13.42289
          ],
          [
            43.4008,
            13.42289
          ],
          [
            43.39943,
            13.42289
          ],
          [
            43.39874,
            13.42155
          ],
          [
            43.39806,
            13.42155
          ],
          [
            43.39737,
            13.42222
          ],
          [
            43.39668,
            13.42222
          ],
          [
            43.396,
            13.42222
          ],
          [
            43.39531,
            13.42222
          ],
          [
            43.39531,
            13.42222
          ],
          [
            43.39531,
            13.42222
          ],
          [
            43.39325,
            13.42222
          ],
          [
            43.39256,
            13.42022
          ],
          [
            43.39188,
            13.42155
          ],
          [
            43.39119,
            13.42155
          ],
          [
            43.3905,
            13.42155
          ],
          [
            43.38982,
            13.41955
          ],
          [
            43.38913,
            13.41955
          ],
          [
            43.38844,
            13.41955
          ],
          [
            43.38776,
            13.41955
          ],
          [
            43.38707,
            13.42022
          ],
          [
            43.38638,
            13.42022
          ],
          [
            43.38638,
            13.42022
          ],
          [
            43.38638,
            13.42022
          ],
          [
            43.38432,
            13.41888
          ],
          [
            43.38364,
            13.41888
          ],
          [
            43.38295,
            13.41822
          ],
          [
            43.38226,
            13.41822
          ],
          [
            43.38158,
            13.41955
          ],
          [
            43.38089,
            13.41888
          ],
          [
            43.3802,
            13.41755
          ],
          [
            43.37952,
            13.41755
          ],
          [
            43.37883,
            13.41755
          ],
          [
            43.37883,
            13.41755
          ],
          [
            43.37883,
            13.41755
          ],
          [
            43.37677,
            13.41822
          ],
          [
            43.37608,
            13.41688
          ],
          [
            43.3754,
            13.41688
          ],
          [
            43.37471,
            13.41688
          ],
          [
            43.37402,
            13.41621
          ],
          [
            43.37334,
            13.41621
          ],
          [
            43.37265,
            13.41755
          ],
          [
            43.37196,
            13.41755
          ],
          [
            43.37265,
            13.41621
          ],
          [
            43.37059,
            13.41688
          ],
          [
            43.3699,
            13.41688
          ],
          [
            43.36922,
            13.41688
          ],
          [
            43.36922,
            13.41621
          ],
          [
            43.36853,
            13.41621
          ],
          [
            43.36784,
            13.41621
          ],
          [
            43.36784,
            13.41555
          ],
          [
            43.36647,
            13.41555
          ],
          [
            43.36647,
            13.41488
          ],
          [
            43.3651,
            13.41555
          ],
          [
            43.36441,
            13.41555
          ],
          [
            43.36372,
            13.41488
          ],
          [
            43.36372,
            13.41488
          ],
          [
            43.36304,
            13.41421
          ],
          [
            43.36166,
            13.41488
          ],
          [
            43.36098,
            13.41287
          ],
          [
            43.36029,
            13.41354
          ],
          [
            43.36029,
            13.41354
          ],
          [
            43.3596,
            13.41354
          ],
          [
            43.3596,
            13.41354
          ],
          [
            43.35754,
            13.41287
          ],
          [
            43.35686,
            13.41354
          ],
          [
            43.35617,
            13.41221
          ],
          [
            43.35548,
            13.41221
          ],
          [
            43.35548,
            13.41221
          ],
          [
            43.35548,
            13.41221
          ],
          [
            43.35342,
            13.41287
          ],
          [
            43.35274,
            13.41221
          ],
          [
            43.35205,
            13.41154
          ],
          [
            43.35136,
            13.41221
          ],
          [
            43.35068,
            13.41221
          ],
          [
            43.35136,
            13.41087
          ],
          [
            43.3493,
            13.4102
          ],
          [
            43.34862,
            13.4102
          ],
          [
            43.34862,
            13.4102
          ],
          [
            43.34862,
            13.4102
          ],
          [
            43.34656,
            13.4102
          ],
          [
            43.34587,
            13.4102
          ],
          [
            43.34587,
            13.4102
          ],
          [
            43.34518,
            13.4102
          ],
          [
            43.34518,
            13.4102
          ],
          [
            43.34312,
            13.4102
          ],
          [
            43.34244,
            13.4102
          ],
          [
            43.34175,
            13.40954
          ],
          [
            43.34175,
            13.40954
          ],
          [
            43.34175,
            13.40954
          ],
          [
            43.33969,
            13.4082
          ],
          [
            43.33969,
            13.4082
          ],
          [
            43.33969,
            13.4082
          ],
          [
            43.33832,
            13.40887
          ],
          [
            43.33763,
            13.4082
          ],
          [
            43.33763,
            13.4082
          ],
          [
            43.33763,
            13.4082
          ],
          [
            43.33557,
            13.4082
          ],
          [
            43.33488,
            13.40753
          ],
          [
            43.3342,
            13.40753
          ],
          [
            43.33351,
            13.40753
          ],
          [
            43.33282,
            13.40753
          ],
          [
            43.33214,
            13.4062
          ],
          [
            43.33145,
            13.4062
          ],
          [
            43.33145,
            13.4062
          ],
          [
            43.33076,
            13.4062
          ],
          [
            43.33008,
            13.40553
          ],
          [
            43.32939,
            13.40553
          ],
          [
            43.32802,
            13.4062
          ],
          [
            43.32733,
            13.4062
          ],
          [
            43.32664,
            13.40553
          ],
          [
            43.32596,
            13.40553
          ],
          [
            43.32527,
            13.40553
          ],
          [
            43.32458,
            13.40486
          ],
          [
            43.3239,
            13.40486
          ],
          [
            43.32321,
            13.40486
          ],
          [
            43.32321,
            13.40486
          ],
          [
            43.32321,
            13.40486
          ],
          [
            43.32115,
            13.4042
          ],
          [
            43.32047,
            13.4042
          ],
          [
            43.31978,
            13.4042
          ],
          [
            43.31978,
            13.4042
          ],
          [
            43.31978,
            13.40353
          ],
          [
            43.31772,
            13.40353
          ],
          [
            43.31703,
            13.40353
          ],
          [
            43.31635,
            13.40353
          ],
          [
            43.31566,
            13.40152
          ],
          [
            43.31497,
            13.40152
          ],
          [
            43.31429,
            13.40286
          ],
          [
            43.3136,
            13.40286
          ],
          [
            43.31291,
            13.40219
          ],
          [
            43.31223,
            13.40086
          ],
          [
            43.31154,
            13.40152
          ],
          [
            43.31154,
            13.40152
          ],
          [
            43.31085,
            13.40086
          ],
          [
            43.31085,
            13.40152
          ],
          [
            43.30879,
            13.40152
          ],
          [
            43.30879,
            13.39952
          ],
          [
            43.30811,
            13.39952
          ],
          [
            43.30742,
            13.39952
          ],
          [
            43.30742,
            13.39952
          ],
          [
            43.30742,
            13.39952
          ],
          [
            43.30673,
            13.39952
          ],
          [
            43.30467,
            13.40019
          ],
          [
            43.30399,
            13.40019
          ],
          [
            43.3033,
            13.39952
          ],
          [
            43.3033,
            13.39885
          ],
          [
            43.30261,
            13.39885
          ],
          [
            43.30261,
            13.39952
          ],
          [
            43.30055,
            13.39819
          ],
          [
            43.30055,
            13.39819
          ],
          [
            43.29987,
            13.39819
          ],
          [
            43.29849,
            13.39819
          ],
          [
            43.29781,
            13.39685
          ],
          [
            43.29712,
            13.39752
          ],
          [
            43.29712,
            13.39752
          ],
          [
            43.29643,
            13.39752
          ],
          [
            43.29643,
            13.39752
          ],
          [
            43.29506,
            13.39685
          ],
          [
            43.29437,
            13.39685
          ],
          [
            43.29369,
            13.39618
          ],
          [
            43.29231,
            13.39685
          ],
          [
            43.29163,
            13.39685
          ],
          [
            43.29163,
            13.39685
          ],
          [
            43.29025,
            13.39618
          ],
          [
            43.29025,
            13.39552
          ],
          [
            43.28888,
            13.39618
          ],
          [
            43.28819,
            13.39552
          ],
          [
            43.28751,
            13.39552
          ],
          [
            43.28682,
            13.39552
          ],
          [
            43.28613,
            13.39552
          ],
          [
            43.28545,
            13.39418
          ],
          [
            43.28545,
            13.39418
          ],
          [
            43.28407,
            13.39485
          ],
          [
            43.28339,
            13.39485
          ],
          [
            43.2827,
            13.39418
          ],
          [
            43.28201,
            13.39418
          ],
          [
            43.28201,
            13.39418
          ],
          [
            43.28133,
            13.39284
          ],
          [
            43.28064,
            13.39284
          ],
          [
            43.28064,
            13.39284
          ],
          [
            43.28064,
            13.39284
          ],
          [
            43.27995,
            13.39284
          ],
          [
            43.27789,
            13.39151
          ],
          [
            43.27721,
            13.39218
          ],
          [
            43.27721,
            13.39218
          ],
          [
            43.27652,
            13.39151
          ],
          [
            43.27515,
            13.39151
          ],
          [
            43.27446,
            13.39151
          ],
          [
            43.27446,
            13.39151
          ],
          [
            43.27377,
            13.39151
          ],
          [
            43.27377,
            13.39151
          ],
          [
            43.27171,
            13.39084
          ],
          [
            43.27171,
            13.39017
          ],
          [
            43.27103,
            13.39084
          ],
          [
            43.27103,
            13.39084
          ],
          [
            43.26897,
            13.39084
          ],
          [
            43.26828,
            13.39017
          ],
          [
            43.26828,
            13.38951
          ],
          [
            43.26759,
            13.38951
          ],
          [
            43.26691,
            13.38951
          ],
          [
            43.26553,
            13.38951
          ],
          [
            43.26485,
            13.38951
          ],
          [
            43.26416,
            13.38951
          ],
          [
            43.26416,
            13.38884
          ],
          [
            43.26347,
            13.38817
          ],
          [
            43.26279,
            13.38817
          ],
          [
            43.26279,
            13.38817
          ],
          [
            43.26141,
            13.3875
          ],
          [
            43.26073,
            13.3875
          ],
          [
            43.25935,
            13.38817
          ],
          [
            43.25867,
            13.38817
          ],
          [
            43.25798,
            13.3875
          ],
          [
            43.25729,
            13.38684
          ],
          [
            43.25729,
            13.38684
          ],
          [
            43.25661,
            13.38684
          ],
          [
            43.25592,
            13.38617
          ],
          [
            43.25455,
            13.38684
          ],
          [
            43.25386,
            13.38684
          ],
          [
            43.25455,
            13.3855
          ]
        ]
      }
    },
    {
      "type": "Feature",
      "properties": {
        "name": "\u0642\u0644\u0639\u0629 \u0627\u0644\u0642\u0627\u0647\u0631\u0629 - \u0645\u0646\u0628\u0639 \u0627\u0644\u0633\u0627\u0626\u0644\u0629",
        "elevation_m": 1398.0
      },
      "geometry": {
        "type": "Point",
        "coordinates": [
          44.015,
          13.568
        ]
      }
    },
    {
      "type": "Feature",
      "properties": {
        "name": "\u062d\u0648\u0636 \u0627\u0644\u0623\u0634\u0631\u0641 - \u0633\u0627\u0626\u0644\u0629 \u0648\u0633\u0637 \u0627\u0644\u0645\u062f\u064a\u0646\u0629",
        "elevation_m": 1279.0
      },
      "geometry": {
        "type": "Point",
        "coordinates": [
          44.02,
          13.582
        ]
      }
    },
    {
      "type": "Feature",
      "properties": {
        "name": "\u0645\u062e\u0631\u062c \u0633\u0627\u0626\u0644\u0629 \u0639\u0635\u064a\u0641\u0631\u0629",
        "elevation_m": 1172.0
      },
      "geometry": {
        "type": "Point",
        "coordinates": [
          44.01,
          13.605
        ]
      }
    },
    {
      "type": "Feature",
      "properties": {
        "name": "\u0648\u0627\u062f\u064a \u0627\u0644\u062d\u0648\u062c\u0644\u0629",
        "elevation_m": 1140.0
      },
      "geometry": {
        "type": "Point",
        "coordinates": [
          43.998,
          13.622
        ]
      }
    },
    {
      "type": "Feature",
      "properties": {
        "name": "\u0633\u062f \u0627\u0644\u0639\u0627\u0645\u0631\u064a\u0629 (\u0633\u062f \u0627\u0644\u0639\u0627\u0645\u0631\u0629 \u0628\u0627\u0644\u0647\u0634\u0645\u0629)",
        "elevation_m": 1125.0
      },
      "geometry": {
        "type": "Point",
        "coordinates": [
          43.985,
          13.642
        ]
      }
    },
    {
      "type": "Feature",
      "properties": {
        "name": "\u0645\u0641\u064a\u0636 \u0633\u062f \u0627\u0644\u0639\u0627\u0645\u0631\u064a\u0629",
        "elevation_m": 1112.0
      },
      "geometry": {
        "type": "Point",
        "coordinates": [
          43.96,
          13.655
        ]
      }
    },
    {
      "type": "Feature",
      "properties": {
        "name": "\u0648\u0627\u062f\u064a \u0631\u0633\u064a\u0627\u0646 - \u0645\u062f\u062e\u0644 \u062d\u0648\u0636 \u0647\u062c\u062f\u0629",
        "elevation_m": 1061.0
      },
      "geometry": {
        "type": "Point",
        "coordinates": [
          43.92,
          13.668
        ]
      }
    },
    {
      "type": "Feature",
      "properties": {
        "name": "\u0645\u062d\u0637\u0629 \u0647\u062c\u062f\u0629 - \u0648\u0627\u062f\u064a \u0631\u0633\u064a\u0627\u0646 \u0627\u0644\u0623\u0648\u0633\u0637",
        "elevation_m": 1021.0
      },
      "geometry": {
        "type": "Point",
        "coordinates": [
          43.865,
          13.685
        ]
      }
    },
    {
      "type": "Feature",
      "properties": {
        "name": "\u0648\u0627\u062f\u064a \u0627\u0644\u0639\u0627\u0645\u0631\u064a\u0629 / \u0634\u0645\u064a\u0631 - \u0645\u0642\u0628\u0646\u0629",
        "elevation_m": 1310.0
      },
      "geometry": {
        "type": "Point",
        "coordinates": [
          43.81,
          13.725
        ]
      }
    },
    {
      "type": "Feature",
      "properties": {
        "name": "\u0645\u0636\u064a\u0642 \u0648\u0627\u062f\u064a \u0631\u0633\u064a\u0627\u0646 \u0627\u0644\u062c\u0628\u0644\u064a",
        "elevation_m": 1000.0
      },
      "geometry": {
        "type": "Point",
        "coordinates": [
          43.72,
          13.68
        ]
      }
    },
    {
      "type": "Feature",
      "properties": {
        "name": "\u0645\u062b\u0644\u062b \u0627\u0644\u0628\u0631\u062d",
        "elevation_m": 452.0
      },
      "geometry": {
        "type": "Point",
        "coordinates": [
          43.605,
          13.585
        ]
      }
    },
    {
      "type": "Feature",
      "properties": {
        "name": "\u0648\u0627\u062f\u064a \u0631\u0633\u064a\u0627\u0646 - \u0633\u0647\u0648\u0644 \u0648\u0627\u062f\u064a \u0645\u0648\u0632\u0639",
        "elevation_m": 197.0
      },
      "geometry": {
        "type": "Point",
        "coordinates": [
          43.53,
          13.49
        ]
      }
    },
    {
      "type": "Feature",
      "properties": {
        "name": "\u0645\u062d\u0637\u0629 \u0645\u0648\u0632\u0639 \u0627\u0644\u0632\u0631\u0627\u0639\u064a\u0629",
        "elevation_m": 150.0
      },
      "geometry": {
        "type": "Point",
        "coordinates": [
          43.46,
          13.435
        ]
      }
    },
    {
      "type": "Feature",
      "properties": {
        "name": "\u062f\u0644\u062a\u0627 \u0648\u0627\u062f\u064a \u0631\u0633\u064a\u0627\u0646 \u0627\u0644\u0633\u0627\u062d\u0644\u064a\u0629",
        "elevation_m": 63.0
      },
      "geometry": {
        "type": "Point",
        "coordinates": [
          43.37,
          13.415
        ]
      }
    },
    {
      "type": "Feature",
      "properties": {
        "name": "\u0627\u0644\u0633\u0647\u0644 \u0627\u0644\u0633\u0627\u062d\u0644\u064a \u0627\u0644\u062a\u0647\u0627\u0645\u064a",
        "elevation_m": 24.0
      },
      "geometry": {
        "type": "Point",
        "coordinates": [
          43.31,
          13.4
        ]
      }
    },
    {
      "type": "Feature",
      "properties": {
        "name": "\u0627\u0644\u0645\u0635\u0628 \u0627\u0644\u0646\u0647\u0627\u0626\u064a \u0641\u064a \u0627\u0644\u0628\u062d\u0631 \u0627\u0644\u0623\u062d\u0645\u0631",
        "elevation_m": 2.0
      },
      "geometry": {
        "type": "Point",
        "coordinates": [
          43.255,
          13.385
        ]
      }
    }
  ]
}